5,6,2023,1,34
5,6,2023,2,948
5,6,2023,3,191
5,6,2023,4,53
5,6,2023,5,44
5,6,2023,6,29.5
5,6,2023,7,68
5,6,2023,8,277.184
5,6,2023,9,143.735
5,6,2023,10,112
5,6,2023,11,156.22
5,6,2023,12,275.9
5,6,2023,13,281.52
5,6,2023,14,390
5,6,2023,15,29.5
5,6,2023,16,3622.64
5,6,2023,17,22
5,6,2023,18,174
5,6,2023,19,29.5
5,6,2023,20,22
5,6,2023,21,534
5,6,2023,22,22
5,6,2023,23,97
5,6,2023,24,390
5,6,2023,25,71
5,6,2023,26,29.5
5,6,2023,27,59
5,6,2023,28,135.45
5,6,2023,29,132
5,6,2023,30,261.615
5,6,2023,31,947.38
5,6,2023,32,112
5,6,2023,33,102
5,6,2023,34,176
5,6,2023,35,101.5
5,6,2023,36,6265
5,6,2023,37,140.17
5,6,2023,38,53
5,6,2023,39,44
5,6,2023,40,93.32
5,6,2023,41,142
5,6,2023,42,146
5,6,2023,43,2186.02
5,6,2023,44,1597.99
5,6,2023,45,1772.69
5,6,2023,46,68
5,6,2023,47,430
5,6,2023,48,88
5,6,2023,49,318
5,6,2023,50,307.5
5,6,2023,51,79.5
5,6,2023,52,390
5,6,2023,53,87
5,6,2023,54,34.435
5,6,2023,55,267.22
5,6,2023,56,531.3
5,6,2023,57,352
5,6,2023,58,196.675
5,6,2023,59,257.5
5,6,2023,60,143.48
5,6,2023,61,71
5,6,2023,62,59
5,6,2023,63,1079
5,6,2023,64,29.5
5,6,2023,65,186
5,6,2023,66,204
5,6,2023,67,68
5,6,2023,68,123
5,6,2023,69,220
5,6,2023,70,98.5
5,6,2023,71,132
5,6,2023,72,44
5,6,2023,73,643.16
5,6,2023,74,2730
5,6,2023,75,220
5,6,2023,76,59
5,6,2023,77,61
5,6,2023,78,1059
5,6,2023,79,101.5
5,6,2023,80,260.8
5,6,2023,81,292.75
5,6,2023,82,145
5,6,2023,83,112
5,6,2023,84,74
5,6,2023,85,199.8
5,6,2023,86,390
5,6,2023,87,88.5
5,6,2023,88,50.35
5,6,2023,89,701.146
5,6,2023,90,44
5,6,2023,91,749.14
5,6,2023,92,390
5,6,2023,93,24
5,6,2023,94,26.75
5,6,2023,95,580
5,6,2023,96,41.25
5,6,2023,97,29.5
5,6,2023,98,1059
5,6,2023,99,150.52
5,6,2023,100,393.76
5,6,2023,101,71
5,6,2023,102,140.5
5,6,2023,103,22
5,6,2023,104,353.51
5,6,2023,105,354.5
5,6,2023,106,88
5,6,2023,107,167
5,6,2023,108,343.485
5,6,2023,109,438
5,6,2023,110,395.94
5,6,2023,111,53
5,6,2023,112,174
5,6,2023,113,119.56
5,6,2023,114,2622
5,6,2023,115,4404.5
5,6,2023,116,59
5,6,2023,117,363.12
5,6,2023,118,148
5,6,2023,119,238.5
5,6,2023,120,264
5,6,2023,121,474
5,6,2023,122,828.925
5,6,2023,123,352
5,6,2023,124,12452
5,6,2023,125,34
5,6,2023,126,474
5,6,2023,127,132
5,6,2023,128,102
5,6,2023,129,106
5,6,2023,130,44
5,6,2023,131,396
5,6,2023,132,88
5,6,2023,133,44
5,6,2023,134,1050.6
5,6,2023,135,44
5,6,2023,136,695.8
5,6,2023,137,280.84
5,6,2023,138,142
5,6,2023,139,83.5
5,6,2023,140,138.69
5,6,2023,141,220
5,6,2023,142,395.365
5,6,2023,143,338.625
5,6,2023,144,785
5,6,2023,145,980.405
5,6,2023,146,17
5,6,2023,147,660
5,6,2023,148,308
5,6,2023,149,325.29
5,6,2023,150,340
5,6,2023,151,1100
5,6,2023,152,108.07
5,6,2023,153,181
5,6,2023,154,34
5,6,2023,155,948
5,6,2023,156,569.48
6,6,2023,157,205.5
6,6,2023,158,121
6,6,2023,159,785
6,6,2023,160,24.51
6,6,2023,161,440
6,6,2023,162,340.775
6,6,2023,163,88
6,6,2023,164,159
6,6,2023,165,22
6,6,2023,166,215
6,6,2023,167,308
6,6,2023,168,537.6
6,6,2023,169,544
6,6,2023,170,739.675
6,6,2023,171,53.5
6,6,2023,172,14.75
6,6,2023,173,812
6,6,2023,174,710
6,6,2023,175,916.12
6,6,2023,176,238.5
6,6,2023,177,390
6,6,2023,178,29
6,6,2023,179,424.78
6,6,2023,180,2173.845
6,6,2023,181,79.5
6,6,2023,182,935.625
6,6,2023,183,198
6,6,2023,184,219.99
6,6,2023,185,160.245
6,6,2023,186,55.64
6,6,2023,187,916.575
6,6,2023,188,159
6,6,2023,189,50.5
6,6,2023,190,44
6,6,2023,191,108
6,6,2023,192,32.25
6,6,2023,193,754.75
6,6,2023,194,1175.5
6,6,2023,195,128.52
6,6,2023,196,709.1
6,6,2023,197,80.25
6,6,2023,198,1383
6,6,2023,199,22
6,6,2023,200,39.605
6,6,2023,201,22
6,6,2023,202,242.06
6,6,2023,203,22
6,6,2023,204,733.85
6,6,2023,205,1025.12
6,6,2023,206,88
6,6,2023,207,772.86
6,6,2023,208,928
6,6,2023,209,309
6,6,2023,210,122
6,6,2023,211,852.825
6,6,2023,212,100.59
6,6,2023,213,700.85
6,6,2023,214,114.5
6,6,2023,215,44
6,6,2023,216,29.5
6,6,2023,217,37.45
6,6,2023,218,359.91
6,6,2023,219,1540
6,6,2023,220,1241.9
6,6,2023,221,240.5
6,6,2023,222,170
6,6,2023,223,190
6,6,2023,224,390
6,6,2023,225,6259
6,6,2023,226,44
6,6,2023,227,876
6,6,2023,228,50
6,6,2023,229,222
6,6,2023,230,132
6,6,2023,231,1040.35
6,6,2023,232,72
6,6,2023,233,48.25
6,6,2023,234,129.46
6,6,2023,235,171.5
6,6,2023,236,479.5
6,6,2023,237,29.5
6,6,2023,238,120.17
6,6,2023,239,59
6,6,2023,240,67
6,6,2023,241,30.45
6,6,2023,242,1704.65
6,6,2023,243,29.5
6,6,2023,244,22
6,6,2023,245,138.805
6,6,2023,246,12.685
6,6,2023,247,63
6,6,2023,248,117.315
6,6,2023,249,86.0875
6,6,2023,250,604
6,6,2023,251,38.07
6,6,2023,252,1570.37
6,6,2023,253,44.5
6,6,2023,254,132
6,6,2023,255,43.5
6,6,2023,256,1084.0873
6,6,2023,257,318
6,6,2023,258,79.5
6,6,2023,259,43
6,6,2023,260,390
6,6,2023,261,390
6,6,2023,262,44
6,6,2023,263,1120.75
6,6,2023,264,637.595
6,6,2023,265,33
6,6,2023,266,88
6,6,2023,267,111
6,6,2023,268,389
6,6,2023,269,14.75
6,6,2023,270,264
6,6,2023,271,2851.2
6,6,2023,272,50.5
6,6,2023,273,44
6,6,2023,274,79.5
6,6,2023,275,474
6,6,2023,276,1842
6,6,2023,277,366.5
6,6,2023,278,166
6,6,2023,279,304.5
6,6,2023,280,44
6,6,2023,281,106.3
6,6,2023,282,88.5
6,6,2023,283,105.83
6,6,2023,284,62.5
6,6,2023,285,2286.45
6,6,2023,286,3707
6,6,2023,287,149.06
6,6,2023,288,680.62
6,6,2023,289,101.135
6,6,2023,290,2050.63
6,6,2023,291,29
6,6,2023,292,531.15
6,6,2023,293,87
6,6,2023,294,31.9
7,6,2023,295,785
7,6,2023,296,286.5
7,6,2023,297,440.35
7,6,2023,298,284
7,6,2023,299,812.5
7,6,2023,300,2128
7,6,2023,301,1327.645
7,6,2023,302,274.94
7,6,2023,303,34
7,6,2023,304,44
7,6,2023,305,44
7,6,2023,306,118
7,6,2023,307,27.82
7,6,2023,308,268
7,6,2023,309,22
7,6,2023,310,1304.1
7,6,2023,311,17
7,6,2023,312,177
7,6,2023,313,483
7,6,2023,314,876
7,6,2023,315,2521.08
7,6,2023,316,34
7,6,2023,317,40.5
7,6,2023,318,211
7,6,2023,319,160.325
7,6,2023,320,176
7,6,2023,321,461.705
7,6,2023,322,602.745
7,6,2023,323,42
7,6,2023,324,2700.3
7,6,2023,325,219
7,6,2023,326,59
7,6,2023,327,1820
7,6,2023,328,660.32
7,6,2023,329,1130
7,6,2023,330,205
7,6,2023,331,59
7,6,2023,332,560.4
7,6,2023,333,212.45
7,6,2023,334,422.505
7,6,2023,335,458
7,6,2023,336,101.5
7,6,2023,337,308
7,6,2023,338,193.5
7,6,2023,339,134
7,6,2023,340,112
7,6,2023,341,206
7,6,2023,342,14.75
7,6,2023,343,312
7,6,2023,344,29.5
7,6,2023,345,96
7,6,2023,346,1542.5
7,6,2023,347,44
7,6,2023,348,258.775
7,6,2023,349,409.42
7,6,2023,350,474
7,6,2023,351,34
7,6,2023,352,44
7,6,2023,353,35.145
7,6,2023,354,284
7,6,2023,355,220.49
7,6,2023,356,76
7,6,2023,357,59
7,6,2023,358,107
7,6,2023,359,216
7,6,2023,360,29.5
7,6,2023,361,141
7,6,2023,362,86
7,6,2023,363,1064
7,6,2023,364,44
7,6,2023,365,1014
7,6,2023,366,88
7,6,2023,367,44.5
7,6,2023,368,103
7,6,2023,369,34
7,6,2023,370,1507.32
7,6,2023,371,44
7,6,2023,372,14.75
7,6,2023,373,56
7,6,2023,374,151.25
7,6,2023,375,209
7,6,2023,376,88.5
7,6,2023,377,348
7,6,2023,378,83
7,6,2023,379,118
7,6,2023,380,150
7,6,2023,381,632
7,6,2023,382,59
7,6,2023,383,44
7,6,2023,384,59
7,6,2023,385,77.5
7,6,2023,386,22
7,6,2023,387,220
7,6,2023,388,441.37
7,6,2023,389,250
7,6,2023,390,295
7,6,2023,391,410.21
7,6,2023,392,869.3125
7,6,2023,393,88
7,6,2023,394,30.495
7,6,2023,395,755.34
7,6,2023,396,940
7,6,2023,397,95.84
7,6,2023,398,59
7,6,2023,399,174
7,6,2023,400,1170
7,6,2023,401,88
7,6,2023,402,178.412
7,6,2023,403,11
7,6,2023,404,185.79
7,6,2023,405,339.5
7,6,2023,406,65
7,6,2023,407,43
7,6,2023,408,103.685
7,6,2023,409,29.5
7,6,2023,410,22
7,6,2023,411,30.5
7,6,2023,412,780
7,6,2023,413,200.25
7,6,2023,414,59
7,6,2023,415,474
7,6,2023,416,586
7,6,2023,417,22
7,6,2023,418,9293
7,6,2023,419,99.5
7,6,2023,420,122
7,6,2023,421,276
7,6,2023,422,29
7,6,2023,423,39.5
7,6,2023,424,261
7,6,2023,425,254.5
7,6,2023,426,59
7,6,2023,427,1059
7,6,2023,428,34
7,6,2023,429,397.11
7,6,2023,430,71
7,6,2023,431,396
7,6,2023,432,519
7,6,2023,433,106.5
7,6,2023,434,123
8,6,2023,435,258
8,6,2023,436,2199.32
8,6,2023,437,372
8,6,2023,438,171.5
8,6,2023,439,326.55
8,6,2023,440,63
8,6,2023,441,142
8,6,2023,442,128.43
8,6,2023,443,194
8,6,2023,444,187.5
8,6,2023,445,754
8,6,2023,446,88
8,6,2023,447,1064
8,6,2023,448,505.5
8,6,2023,449,244
8,6,2023,450,69
8,6,2023,451,159
8,6,2023,452,129
8,6,2023,453,44
8,6,2023,454,1795.47
8,6,2023,455,272
8,6,2023,456,170
8,6,2023,457,390
8,6,2023,458,2013
8,6,2023,459,44
8,6,2023,460,1145
8,6,2023,461,238.5
8,6,2023,462,338.56
8,6,2023,463,89
8,6,2023,464,121
8,6,2023,465,46
8,6,2023,466,29.5
8,6,2023,467,237
8,6,2023,468,44
8,6,2023,469,254.5
8,6,2023,470,1031.5
8,6,2023,471,112.375
8,6,2023,472,159
8,6,2023,473,1293.5
8,6,2023,474,245.5
8,6,2023,475,320.775
8,6,2023,476,44
8,6,2023,477,116
8,6,2023,478,644.7
8,6,2023,479,173
8,6,2023,480,44.5
8,6,2023,481,402
8,6,2023,482,1681
8,6,2023,483,876
8,6,2023,484,14.5
8,6,2023,485,3092
8,6,2023,486,44
8,6,2023,487,558.6
8,6,2023,488,495
8,6,2023,489,48.7
8,6,2023,490,33.17
8,6,2023,491,205
8,6,2023,492,162
8,6,2023,493,1980
8,6,2023,494,22
8,6,2023,495,438
8,6,2023,496,930
8,6,2023,497,357.96
8,6,2023,498,193
8,6,2023,499,118
8,6,2023,500,87
8,6,2023,501,916.36
8,6,2023,502,21
8,6,2023,503,269
8,6,2023,504,176
8,6,2023,505,206.5
8,6,2023,506,121
8,6,2023,507,188
8,6,2023,508,66.75
8,6,2023,509,71
8,6,2023,510,44
8,6,2023,511,177
8,6,2023,512,219
8,6,2023,513,168
8,6,2023,514,62.75
8,6,2023,515,219
8,6,2023,516,219
8,6,2023,517,390
8,6,2023,518,412.5
8,6,2023,519,1340
8,6,2023,520,44
8,6,2023,521,1507.5
8,6,2023,522,75.5
8,6,2023,523,129
8,6,2023,524,446.204
8,6,2023,525,29.5
8,6,2023,526,22
8,6,2023,527,114.49
8,6,2023,528,264.475
8,6,2023,529,122.5
8,6,2023,530,62
8,6,2023,531,22
8,6,2023,532,85
8,6,2023,533,214
8,6,2023,534,111.25
8,6,2023,535,1138.5
8,6,2023,536,111.28
8,6,2023,537,88
8,6,2023,538,428
8,6,2023,539,219
8,6,2023,540,852
8,6,2023,541,1064
8,6,2023,542,68
8,6,2023,543,930
8,6,2023,544,29.5
8,6,2023,545,1427.25
8,6,2023,546,1064
8,6,2023,547,59
8,6,2023,548,11
8,6,2023,549,318
8,6,2023,550,184.23
8,6,2023,551,1007
8,6,2023,552,22
8,6,2023,553,1007.28
8,6,2023,554,221
8,6,2023,555,59
8,6,2023,556,558
8,6,2023,557,69
8,6,2023,558,66
8,6,2023,559,355.57
8,6,2023,560,168
8,6,2023,561,128.4
8,6,2023,562,171
8,6,2023,563,132
8,6,2023,564,222
8,6,2023,565,165
8,6,2023,566,29.5
8,6,2023,567,2167.895
8,6,2023,568,126
8,6,2023,569,29
8,6,2023,570,136
8,6,2023,571,219
8,6,2023,572,107
8,6,2023,573,1074
8,6,2023,574,14.75
8,6,2023,575,59
8,6,2023,576,948
8,6,2023,577,238.5
8,6,2023,578,181
8,6,2023,579,119
8,6,2023,580,18.75
8,6,2023,581,1272.5
8,6,2023,582,105
8,6,2023,583,11
8,6,2023,584,66
8,6,2023,585,66
8,6,2023,586,59
8,6,2023,587,11
8,6,2023,588,1314
8,6,2023,589,35.5
8,6,2023,590,80
8,6,2023,591,330
8,6,2023,592,121
8,6,2023,593,14.75
8,6,2023,594,774
8,6,2023,595,159
8,6,2023,596,370
8,6,2023,597,670
9,6,2023,598,85.44
9,6,2023,599,69
9,6,2023,600,132
9,6,2023,601,470
9,6,2023,602,230
9,6,2023,603,17
9,6,2023,604,44
9,6,2023,605,264
9,6,2023,606,132
9,6,2023,607,272.66
9,6,2023,608,210.87
9,6,2023,609,234.5
9,6,2023,610,643.42
9,6,2023,611,110.25
9,6,2023,612,78
9,6,2023,613,270.56
9,6,2023,614,78
9,6,2023,615,224.5
9,6,2023,616,107.165
9,6,2023,617,209
9,6,2023,618,308
9,6,2023,619,426
9,6,2023,620,29.5
9,6,2023,621,107
9,6,2023,622,168
9,6,2023,623,177
9,6,2023,624,1596
9,6,2023,625,1378
9,6,2023,626,105
9,6,2023,627,271
9,6,2023,628,327
9,6,2023,629,577.5
9,6,2023,630,112
9,6,2023,631,34
9,6,2023,632,1893.1
9,6,2023,633,88
9,6,2023,634,280
9,6,2023,635,59
9,6,2023,636,430
9,6,2023,637,159
9,6,2023,638,261
9,6,2023,639,29.5
9,6,2023,640,933.8
9,6,2023,641,329
9,6,2023,642,1154
9,6,2023,643,44
9,6,2023,644,886
9,6,2023,645,62.5
9,6,2023,646,1182
9,6,2023,647,456
9,6,2023,648,1560
9,6,2023,649,547.05
9,6,2023,650,70.5
9,6,2023,651,53
9,6,2023,652,519
9,6,2023,653,29
9,6,2023,654,59
9,6,2023,655,295.5
9,6,2023,656,236
9,6,2023,657,224
9,6,2023,658,137.5
9,6,2023,659,112
9,6,2023,660,59
9,6,2023,661,1094.76
9,6,2023,662,426
9,6,2023,663,282
9,6,2023,664,132
9,6,2023,665,76.125
9,6,2023,666,671
9,6,2023,667,210
9,6,2023,668,56
9,6,2023,669,341.05
9,6,2023,670,6412
9,6,2023,671,315
9,6,2023,672,632
9,6,2023,673,67
9,6,2023,674,402
9,6,2023,675,22
9,6,2023,676,107
9,6,2023,677,477.376
9,6,2023,678,102
9,6,2023,679,44
9,6,2023,680,937.41
9,6,2023,681,130
9,6,2023,682,142
9,6,2023,683,22
9,6,2023,684,88
9,6,2023,685,43.5
9,6,2023,686,334
9,6,2023,687,628.82
9,6,2023,688,377
9,6,2023,689,88
9,6,2023,690,254
9,6,2023,691,137.5
9,6,2023,692,242.77
9,6,2023,693,250.75
9,6,2023,694,164
9,6,2023,695,4235
9,6,2023,696,4130
9,6,2023,697,214
9,6,2023,698,113.5
9,6,2023,699,198.5
9,6,2023,700,42
9,6,2023,701,214
9,6,2023,702,29.5
9,6,2023,703,214
9,6,2023,704,171.75
9,6,2023,705,595
9,6,2023,706,977.94
9,6,2023,707,201
9,6,2023,708,157
9,6,2023,709,14.5
9,6,2023,710,34
9,6,2023,711,33.5
9,6,2023,712,422
9,6,2023,713,22
9,6,2023,714,43
9,6,2023,715,59
9,6,2023,716,67
9,6,2023,717,1224.2
9,6,2023,718,437
9,6,2023,719,195
9,6,2023,720,96
9,6,2023,721,216
9,6,2023,722,782
9,6,2023,723,52
9,6,2023,724,149
9,6,2023,725,132
9,6,2023,726,24
9,6,2023,727,396
9,6,2023,728,556.5
9,6,2023,729,35.75
9,6,2023,730,119.56
9,6,2023,731,390
9,6,2023,732,772
9,6,2023,733,59
9,6,2023,734,3790.39
9,6,2023,735,2475
9,6,2023,736,384.648
9,6,2023,737,569
9,6,2023,738,569
9,6,2023,739,110.76
9,6,2023,740,46.61
9,6,2023,741,1618
9,6,2023,742,273
10,6,2023,743,66
10,6,2023,744,538
10,6,2023,745,1008
10,6,2023,746,17
10,6,2023,747,137.5
10,6,2023,748,303
10,6,2023,749,48
10,6,2023,750,163.5
10,6,2023,751,180
10,6,2023,752,1188.75
10,6,2023,753,264
10,6,2023,754,1064
10,6,2023,755,34
10,6,2023,756,360
10,6,2023,757,56.71
10,6,2023,758,118
10,6,2023,759,132.5
10,6,2023,760,60.99
10,6,2023,761,88
10,6,2023,762,44
10,6,2023,763,97.5
10,6,2023,764,115
10,6,2023,765,1194.78
10,6,2023,766,217.835
10,6,2023,767,2190
10,6,2023,768,228.25
10,6,2023,769,238.5
10,6,2023,770,164
10,6,2023,771,220
10,6,2023,772,819.245
10,6,2023,773,80
10,6,2023,774,126.99
10,6,2023,775,106.5
10,6,2023,776,174
10,6,2023,777,118
10,6,2023,778,605.015
10,6,2023,779,113
10,6,2023,780,795
10,6,2023,781,58
10,6,2023,782,34
10,6,2023,783,22
10,6,2023,784,44
10,6,2023,785,150
10,6,2023,786,59
10,6,2023,787,220
10,6,2023,788,314.2
10,6,2023,789,59
10,6,2023,790,186
10,6,2023,791,11
10,6,2023,792,190
10,6,2023,793,93
10,6,2023,794,88
10,6,2023,795,124
10,6,2023,796,362
10,6,2023,797,157.925
10,6,2023,798,63
10,6,2023,799,29.5
10,6,2023,800,116
10,6,2023,801,92
10,6,2023,802,137.5
10,6,2023,803,159
10,6,2023,804,138
10,6,2023,805,544
10,6,2023,806,34
10,6,2023,807,495
10,6,2023,808,59
10,6,2023,809,17
10,6,2023,810,268
10,6,2023,811,22
10,6,2023,812,33
10,6,2023,813,118.77
10,6,2023,814,14.75
10,6,2023,815,118
10,6,2023,816,21
10,6,2023,817,489.5
10,6,2023,818,919.78875
10,6,2023,819,126
10,6,2023,820,1314.725
10,6,2023,821,137.5
10,6,2023,822,44
10,6,2023,823,338.59
10,6,2023,824,29.5
10,6,2023,825,141.29
10,6,2023,826,211.5
10,6,2023,827,299
10,6,2023,828,31
10,6,2023,829,161.84
10,6,2023,830,29.5
10,6,2023,831,154
10,6,2023,832,3100
10,6,2023,833,29.96
10,6,2023,834,176
10,6,2023,835,2126.419
10,6,2023,836,275
10,6,2023,837,219
10,6,2023,838,348.61
10,6,2023,839,132
10,6,2023,840,29
10,6,2023,841,1145
10,6,2023,842,295
10,6,2023,843,358.67
10,6,2023,844,140.03
10,6,2023,845,59
10,6,2023,846,67.67
10,6,2023,847,71
10,6,2023,848,28
10,6,2023,849,93
10,6,2023,850,1228
10,6,2023,851,68
10,6,2023,852,63
10,6,2023,853,122
10,6,2023,854,279
10,6,2023,855,88
10,6,2023,856,311.65
10,6,2023,857,29.5
10,6,2023,858,20.6925
10,6,2023,859,85
10,6,2023,860,425.35
10,6,2023,861,44.25
10,6,2023,862,316.95
10,6,2023,863,69.296
10,6,2023,864,124.32
10,6,2023,865,79.5
10,6,2023,866,808
10,6,2023,867,208.32
10,6,2023,868,118
10,6,2023,869,2386.5
10,6,2023,870,92.03
10,6,2023,871,171
10,6,2023,872,785
10,6,2023,873,87.355
10,6,2023,874,40.5
10,6,2023,875,77.115
10,6,2023,876,18.5
10,6,2023,877,858.49
10,6,2023,878,59
12,6,2023,879,238.575
12,6,2023,880,154.13
12,6,2023,881,398.29
12,6,2023,882,150.16
12,6,2023,883,1089
12,6,2023,884,289.695
12,6,2023,885,609
12,6,2023,886,358.58
12,6,2023,887,11440
12,6,2023,888,136
12,6,2023,889,2200.76
12,6,2023,890,1734
12,6,2023,891,87
12,6,2023,892,118
12,6,2023,893,269.865
12,6,2023,894,2999.5
12,6,2023,895,474
12,6,2023,896,44
12,6,2023,897,96
12,6,2023,898,132
12,6,2023,899,35.5
12,6,2023,900,88
12,6,2023,901,542.85
12,6,2023,902,79.5
12,6,2023,903,2856
12,6,2023,904,44
12,6,2023,905,1760
12,6,2023,906,364
12,6,2023,907,333.5
12,6,2023,908,227.79
12,6,2023,909,732.28855
12,6,2023,910,122
12,6,2023,911,176
12,6,2023,912,146.34
12,6,2023,913,25.145
12,6,2023,914,2594.22
12,6,2023,915,136.75
12,6,2023,916,53
12,6,2023,917,50.75
12,6,2023,918,213.5
12,6,2023,919,29.5
12,6,2023,920,396
12,6,2023,921,330
12,6,2023,922,275
12,6,2023,923,153.5
12,6,2023,924,519
12,6,2023,925,150.86
12,6,2023,926,66
12,6,2023,927,2989.5
12,6,2023,928,469.048
12,6,2023,929,552.16
12,6,2023,930,352
12,6,2023,931,238
12,6,2023,932,298
12,6,2023,933,215.5
12,6,2023,934,87
12,6,2023,935,29.5
12,6,2023,936,390
12,6,2023,937,168
12,6,2023,938,95.875
12,6,2023,939,295
12,6,2023,940,173.43
12,6,2023,941,15672
12,6,2023,942,720
12,6,2023,943,176
12,6,2023,944,193
12,6,2023,945,219
12,6,2023,946,44
12,6,2023,947,435
12,6,2023,948,22
12,6,2023,949,219
12,6,2023,950,3139.66
12,6,2023,951,88
12,6,2023,952,1457.5
12,6,2023,953,67
12,6,2023,954,598
12,6,2023,955,219
12,6,2023,956,176
12,6,2023,957,105
12,6,2023,958,99
12,6,2023,959,2064
12,6,2023,960,122
12,6,2023,961,22
12,6,2023,962,677.21
12,6,2023,963,44
12,6,2023,964,852
12,6,2023,965,948
12,6,2023,966,29.5
12,6,2023,967,1006.325
12,6,2023,968,59
12,6,2023,969,6945
12,6,2023,970,55.5
12,6,2023,971,121
12,6,2023,972,44.5
12,6,2023,973,178
12,6,2023,974,66.5
12,6,2023,975,22
12,6,2023,976,368
12,6,2023,977,1618
12,6,2023,978,149
12,6,2023,979,44.25
12,6,2023,980,1010
12,6,2023,981,78
12,6,2023,982,68
12,6,2023,983,21.5
12,6,2023,984,56
12,6,2023,985,70
12,6,2023,986,67
12,6,2023,987,104
12,6,2023,988,84
12,6,2023,989,35.5
12,6,2023,990,68
12,6,2023,991,44
12,6,2023,992,44.5
12,6,2023,993,167.15
12,6,2023,994,366
13,6,2023,995,264
13,6,2023,996,88
13,6,2023,997,220
13,6,2023,998,55
13,6,2023,999,70.35
13,6,2023,1000,440
13,6,2023,1001,112.25
13,6,2023,1002,285.2
13,6,2023,1003,34
13,6,2023,1004,22
13,6,2023,1005,176
13,6,2023,1006,657
13,6,2023,1007,281.16
13,6,2023,1008,22
13,6,2023,1009,21.5
13,6,2023,1010,176
13,6,2023,1011,209.185
13,6,2023,1012,229.27
13,6,2023,1013,302.725
13,6,2023,1014,1137.92
13,6,2023,1015,309.36
13,6,2023,1016,789.215
13,6,2023,1017,181.115
13,6,2023,1018,192
13,6,2023,1019,309
13,6,2023,1020,29.5
13,6,2023,1021,59
13,6,2023,1022,151.25
13,6,2023,1023,219
13,6,2023,1024,1188.5
13,6,2023,1025,143.78
13,6,2023,1026,274.79
13,6,2023,1027,33.5
13,6,2023,1028,313
13,6,2023,1029,531.5
13,6,2023,1030,192.13
13,6,2023,1031,22
13,6,2023,1032,46.44
13,6,2023,1033,495.58
13,6,2023,1034,318
13,6,2023,1035,53
13,6,2023,1036,1495.86
13,6,2023,1037,180.41
13,6,2023,1038,1218.92
13,6,2023,1039,106.05
13,6,2023,1040,1059
13,6,2023,1041,352
13,6,2023,1042,150
13,6,2023,1043,309
13,6,2023,1044,214
13,6,2023,1045,472.76
13,6,2023,1046,663.5
13,6,2023,1047,1156.05
13,6,2023,1048,22
13,6,2023,1049,37
13,6,2023,1050,137.5
13,6,2023,1051,241.45
13,6,2023,1052,412
13,6,2023,1053,2200
13,6,2023,1054,42
13,6,2023,1055,390
13,6,2023,1056,108.5
13,6,2023,1057,120.105
13,6,2023,1058,53.5
13,6,2023,1059,9260
13,6,2023,1060,282.58
13,6,2023,1061,50.5
13,6,2023,1062,88
13,6,2023,1063,122
13,6,2023,1064,268
13,6,2023,1065,84.25
13,6,2023,1066,44
13,6,2023,1067,477
13,6,2023,1068,1852
13,6,2023,1069,14.75
13,6,2023,1070,398
13,6,2023,1071,224
13,6,2023,1072,53
13,6,2023,1073,150
13,6,2023,1074,39.5
13,6,2023,1075,37
13,6,2023,1076,793.5
13,6,2023,1077,14.75
13,6,2023,1078,378.245
13,6,2023,1079,150.5
13,6,2023,1080,744
13,6,2023,1081,213.44
13,6,2023,1082,59
13,6,2023,1083,1271
13,6,2023,1084,433.5
13,6,2023,1085,513
13,6,2023,1086,1003.98
13,6,2023,1087,81
13,6,2023,1088,876
13,6,2023,1089,88
13,6,2023,1090,323
13,6,2023,1091,176
13,6,2023,1092,475
13,6,2023,1093,22.25
13,6,2023,1094,163.5
13,6,2023,1095,22
13,6,2023,1096,82.5
13,6,2023,1097,136.68
13,6,2023,1098,264
13,6,2023,1099,44
13,6,2023,1100,403
13,6,2023,1101,129.32
13,6,2023,1102,350.02
13,6,2023,1103,94.5
13,6,2023,1104,774.91
13,6,2023,1105,429
13,6,2023,1106,44
13,6,2023,1107,67
13,6,2023,1108,152.1
13,6,2023,1109,4404.5
13,6,2023,1110,18.5
13,6,2023,1111,365.2
13,6,2023,1112,35.75
13,6,2023,1113,176
13,6,2023,1114,1228
13,6,2023,1115,103
13,6,2023,1116,536
13,6,2023,1117,219
13,6,2023,1118,59
13,6,2023,1119,341.08
13,6,2023,1120,152.75
13,6,2023,1121,535.5
13,6,2023,1122,82.5
13,6,2023,1123,636
13,6,2023,1124,1281.085
13,6,2023,1125,668
13,6,2023,1126,4128.56
13,6,2023,1127,3118.68
13,6,2023,1128,130
13,6,2023,1129,295
13,6,2023,1130,606
13,6,2023,1131,1152.225
13,6,2023,1132,117.85
13,6,2023,1133,70
13,6,2023,1134,504
13,6,2023,1135,275
13,6,2023,1136,29.5
13,6,2023,1137,364
13,6,2023,1138,111.3
13,6,2023,1139,132
13,6,2023,1140,22
13,6,2023,1141,220
13,6,2023,1142,59
13,6,2023,1143,85
13,6,2023,1144,44
13,6,2023,1145,436
13,6,2023,1146,168
13,6,2023,1147,310
13,6,2023,1148,331
14,6,2023,1149,255.95
14,6,2023,1150,925
14,6,2023,1151,186
14,6,2023,1152,366
14,6,2023,1153,105
14,6,2023,1154,276.85
14,6,2023,1155,107
14,6,2023,1156,112
14,6,2023,1157,352
14,6,2023,1158,201
14,6,2023,1159,710
14,6,2023,1160,1064
14,6,2023,1161,1131
14,6,2023,1162,70
14,6,2023,1163,44
14,6,2023,1164,1600
14,6,2023,1165,39.225
14,6,2023,1166,113.5
14,6,2023,1167,182.005
14,6,2023,1168,420.2
14,6,2023,1169,1842
14,6,2023,1170,220
14,6,2023,1171,159
14,6,2023,1172,59.46
14,6,2023,1173,215.775
14,6,2023,1174,714
14,6,2023,1175,62
14,6,2023,1176,3285
14,6,2023,1177,662.62
14,6,2023,1178,55.5
14,6,2023,1179,59
14,6,2023,1180,2462.26
14,6,2023,1181,79
14,6,2023,1182,614
14,6,2023,1183,35.5
14,6,2023,1184,107
14,6,2023,1185,332.85
14,6,2023,1186,988
14,6,2023,1187,944
14,6,2023,1188,156
14,6,2023,1189,56.25
14,6,2023,1190,1055.91
14,6,2023,1191,50.75
14,6,2023,1192,44
14,6,2023,1193,579
14,6,2023,1194,523
14,6,2023,1195,1310
14,6,2023,1196,51.5
14,6,2023,1197,330
14,6,2023,1198,32.535
14,6,2023,1199,471
14,6,2023,1200,1378.5
14,6,2023,1201,118
14,6,2023,1202,185
14,6,2023,1203,56.25
14,6,2023,1204,176
14,6,2023,1205,29.5
14,6,2023,1206,255.5
14,6,2023,1207,219
14,6,2023,1208,229.62
14,6,2023,1209,499.15
14,6,2023,1210,81
14,6,2023,1211,247.95
14,6,2023,1212,184
14,6,2023,1213,39.5
14,6,2023,1214,276.19
14,6,2023,1215,776
14,6,2023,1216,1051
14,6,2023,1217,44
14,6,2023,1218,379.825
14,6,2023,1219,244
14,6,2023,1220,71
14,6,2023,1221,44
14,6,2023,1222,99.5
14,6,2023,1223,14.75
14,6,2023,1224,137.5
14,6,2023,1225,132
14,6,2023,1226,609.75
14,6,2023,1227,502.55
14,6,2023,1228,89.65
14,6,2023,1229,59
14,6,2023,1230,216.3
14,6,2023,1231,88
14,6,2023,1232,306
14,6,2023,1233,107
14,6,2023,1234,119.56
14,6,2023,1235,121
14,6,2023,1236,2869
14,6,2023,1237,103
14,6,2023,1238,780
14,6,2023,1239,495
14,6,2023,1240,27
14,6,2023,1241,560.9
14,6,2023,1242,66
14,6,2023,1243,129
14,6,2023,1244,58
14,6,2023,1245,37
14,6,2023,1246,944
14,6,2023,1247,1268
14,6,2023,1248,2015.1
14,6,2023,1249,21.5
14,6,2023,1250,132
14,6,2023,1251,992.195
14,6,2023,1252,37
14,6,2023,1253,390
14,6,2023,1254,48
14,6,2023,1255,472.93
14,6,2023,1256,216.14
14,6,2023,1257,261
14,6,2023,1258,287.43
14,6,2023,1259,232.28
14,6,2023,1260,66
14,6,2023,1261,1075
14,6,2023,1262,149
14,6,2023,1263,117.12
14,6,2023,1264,160.48
14,6,2023,1265,264
14,6,2023,1266,29.5
14,6,2023,1267,457.96
14,6,2023,1268,29.7
14,6,2023,1269,112
14,6,2023,1270,238.5
14,6,2023,1271,604
14,6,2023,1272,214
14,6,2023,1273,384.325
14,6,2023,1274,110.34
14,6,2023,1275,103
14,6,2023,1276,107
14,6,2023,1277,112
14,6,2023,1278,202
14,6,2023,1279,29.5
14,6,2023,1280,1064
14,6,2023,1281,14.75
14,6,2023,1282,219
14,6,2023,1283,406
14,6,2023,1284,484.275
14,6,2023,1285,63
14,6,2023,1286,29.5
14,6,2023,1287,137.65
14,6,2023,1288,52.5
14,6,2023,1289,111.825
14,6,2023,1290,37
14,6,2023,1291,331
14,6,2023,1292,262.735
14,6,2023,1293,186.66
14,6,2023,1294,118
14,6,2023,1295,140.58
14,6,2023,1296,113
14,6,2023,1297,264
14,6,2023,1298,158
14,6,2023,1299,396
14,6,2023,1300,880
15,6,2023,1301,220
15,6,2023,1302,220
15,6,2023,1303,268
15,6,2023,1304,443
15,6,2023,1305,258
15,6,2023,1306,426.925
15,6,2023,1307,278.32
15,6,2023,1308,62
15,6,2023,1309,1326.8
15,6,2023,1310,86.21
15,6,2023,1311,688.9
15,6,2023,1312,286
15,6,2023,1313,264
15,6,2023,1314,352
15,6,2023,1315,511
15,6,2023,1316,44
15,6,2023,1317,1064
15,6,2023,1318,88.5
15,6,2023,1319,90.78
15,6,2023,1320,241.195
15,6,2023,1321,287
15,6,2023,1322,219
15,6,2023,1323,219
15,6,2023,1324,207.625
15,6,2023,1325,418
15,6,2023,1326,219
15,6,2023,1327,323.335
15,6,2023,1328,59
15,6,2023,1329,22
15,6,2023,1330,176
15,6,2023,1331,175.525
15,6,2023,1332,3875
15,6,2023,1333,1145
15,6,2023,1334,159
15,6,2023,1335,203
15,6,2023,1336,273
15,6,2023,1337,159
15,6,2023,1338,44
15,6,2023,1339,220.9
15,6,2023,1340,132
15,6,2023,1341,540.75
15,6,2023,1342,186
15,6,2023,1343,66
15,6,2023,1344,1029
15,6,2023,1345,88
15,6,2023,1346,315
15,6,2023,1347,917.25
15,6,2023,1348,560
15,6,2023,1349,158.01
15,6,2023,1350,55.5
15,6,2023,1351,230.5
15,6,2023,1352,670
15,6,2023,1353,2118
15,6,2023,1354,53
15,6,2023,1355,121
15,6,2023,1356,197.775
15,6,2023,1357,410
15,6,2023,1358,36.36
15,6,2023,1359,804.52
15,6,2023,1360,22
15,6,2023,1361,244
15,6,2023,1362,140.5
15,6,2023,1363,814.14
15,6,2023,1364,427
15,6,2023,1365,219
15,6,2023,1366,44
15,6,2023,1367,825
15,6,2023,1368,26.75
15,6,2023,1369,762.675
15,6,2023,1370,59
15,6,2023,1371,309
15,6,2023,1372,948
15,6,2023,1373,147.5
15,6,2023,1374,397.5
15,6,2023,1375,29.5
15,6,2023,1376,312
15,6,2023,1377,73.15
15,6,2023,1378,168
15,6,2023,1379,69
15,6,2023,1380,43.5
15,6,2023,1381,44
15,6,2023,1382,750
15,6,2023,1383,66
15,6,2023,1384,900.5
15,6,2023,1385,79.75
15,6,2023,1386,219
15,6,2023,1387,44
15,6,2023,1388,438
15,6,2023,1389,320
15,6,2023,1390,71
15,6,2023,1391,467.73
15,6,2023,1392,44
15,6,2023,1393,390
15,6,2023,1394,33
15,6,2023,1395,243.63
15,6,2023,1396,278
15,6,2023,1397,442.79
15,6,2023,1398,1659.7
15,6,2023,1399,44
15,6,2023,1400,51
15,6,2023,1401,107
15,6,2023,1402,61
15,6,2023,1403,78
15,6,2023,1404,188
15,6,2023,1405,505
15,6,2023,1406,289
15,6,2023,1407,943
15,6,2023,1408,870
15,6,2023,1409,61
15,6,2023,1410,41.925
15,6,2023,1411,392
15,6,2023,1412,150.7
15,6,2023,1413,154.57
15,6,2023,1414,309.5
15,6,2023,1415,910
15,6,2023,1416,1064
15,6,2023,1417,693
15,6,2023,1418,237
15,6,2023,1419,534
15,6,2023,1420,1064
15,6,2023,1421,44
15,6,2023,1422,236
15,6,2023,1423,53.75
15,6,2023,1424,284
15,6,2023,1425,236
15,6,2023,1426,87
15,6,2023,1427,223.25
15,6,2023,1428,1191.42
15,6,2023,1429,377
15,6,2023,1430,44.5
15,6,2023,1431,56
15,6,2023,1432,22
15,6,2023,1433,220
15,6,2023,1434,61.25
15,6,2023,1435,1620.5
15,6,2023,1436,173
15,6,2023,1437,44
15,6,2023,1438,29.5
15,6,2023,1439,474
15,6,2023,1440,785
15,6,2023,1441,88
15,6,2023,1442,21.715
15,6,2023,1443,11
15,6,2023,1444,44
15,6,2023,1445,172
15,6,2023,1446,105
15,6,2023,1447,370.35
15,6,2023,1448,77.5
15,6,2023,1449,66
15,6,2023,1450,164
15,6,2023,1451,34
15,6,2023,1452,1007
15,6,2023,1453,159
15,6,2023,1454,1896
15,6,2023,1455,2780
15,6,2023,1456,77.75
15,6,2023,1457,336
15,6,2023,1458,118
15,6,2023,1459,196.125
15,6,2023,1460,181.89
15,6,2023,1461,438
15,6,2023,1462,56
15,6,2023,1463,68.75
15,6,2023,1464,240
15,6,2023,1465,44
15,6,2023,1466,44
15,6,2023,1467,110
15,6,2023,1468,803.035
15,6,2023,1469,307.35
15,6,2023,1470,1992.66
15,6,2023,1471,44
15,6,2023,1472,44
15,6,2023,1473,388.5
15,6,2023,1474,343
15,6,2023,1475,223
15,6,2023,1476,547
15,6,2023,1477,2045.075
15,6,2023,1478,1095
15,6,2023,1479,556.64
15,6,2023,1480,88
15,6,2023,1481,159
15,6,2023,1482,198
15,6,2023,1483,1201.5
15,6,2023,1484,132
16,6,2023,1485,66
16,6,2023,1486,220
16,6,2023,1487,331
16,6,2023,1488,385.51
16,6,2023,1489,230.35
16,6,2023,1490,352
16,6,2023,1491,305
16,6,2023,1492,2131.08
16,6,2023,1493,575.035
16,6,2023,1494,219
16,6,2023,1495,67
16,6,2023,1496,235.54
16,6,2023,1497,586
16,6,2023,1498,95.25
16,6,2023,1499,318
16,6,2023,1500,158
16,6,2023,1501,134.16
16,6,2023,1502,79
16,6,2023,1503,221
16,6,2023,1504,277.38
16,6,2023,1505,496.666
16,6,2023,1506,29.5
16,6,2023,1507,183
16,6,2023,1508,159
16,6,2023,1509,88
16,6,2023,1510,136
16,6,2023,1511,2008
16,6,2023,1512,1516
16,6,2023,1513,287.25
16,6,2023,1514,893.4
16,6,2023,1515,315
16,6,2023,1516,340.03
16,6,2023,1517,71
16,6,2023,1518,445.5
16,6,2023,1519,138.45
16,6,2023,1520,493
16,6,2023,1521,118
16,6,2023,1522,242
16,6,2023,1523,555.675
16,6,2023,1524,35.5
16,6,2023,1525,66
16,6,2023,1526,159
16,6,2023,1527,849
16,6,2023,1528,185.5
16,6,2023,1529,1950
16,6,2023,1530,122
16,6,2023,1531,390
16,6,2023,1532,474
16,6,2023,1533,185
16,6,2023,1534,44
16,6,2023,1535,79.545
16,6,2023,1536,375.125
16,6,2023,1537,387
16,6,2023,1538,274.645
16,6,2023,1539,62
16,6,2023,1540,495
16,6,2023,1541,361
16,6,2023,1542,160.5
16,6,2023,1543,104.5
16,6,2023,1544,78
16,6,2023,1545,214
16,6,2023,1546,299
16,6,2023,1547,88
16,6,2023,1548,92.5
16,6,2023,1549,18.5
16,6,2023,1550,200
16,6,2023,1551,1233.28
16,6,2023,1552,63.035
16,6,2023,1553,485.5
16,6,2023,1554,44
16,6,2023,1555,360
16,6,2023,1556,561
16,6,2023,1557,390
16,6,2023,1558,3100
16,6,2023,1559,22
16,6,2023,1560,34
16,6,2023,1561,112
16,6,2023,1562,35.5
16,6,2023,1563,55.5
16,6,2023,1564,42
16,6,2023,1565,66
16,6,2023,1566,122.5
16,6,2023,1567,26.75
16,6,2023,1568,170.5
16,6,2023,1569,135
16,6,2023,1570,44
16,6,2023,1571,219
16,6,2023,1572,56
16,6,2023,1573,106
16,6,2023,1574,511.75
16,6,2023,1575,215.25
16,6,2023,1576,642
16,6,2023,1577,174
16,6,2023,1578,321
16,6,2023,1579,39
16,6,2023,1580,1037.4
16,6,2023,1581,297
16,6,2023,1582,37
16,6,2023,1583,830.4
16,6,2023,1584,665.5
16,6,2023,1585,102
16,6,2023,1586,431.15
16,6,2023,1587,220
16,6,2023,1588,148.84
16,6,2023,1589,278
16,6,2023,1590,1914.3
16,6,2023,1591,59
16,6,2023,1592,53.5
16,6,2023,1593,71
16,6,2023,1594,44
16,6,2023,1595,258.5
16,6,2023,1596,382.5
16,6,2023,1597,88
16,6,2023,1598,317
16,6,2023,1599,130.155
16,6,2023,1600,88
16,6,2023,1601,68
16,6,2023,1602,595
16,6,2023,1603,29
16,6,2023,1604,59
16,6,2023,1605,14.75
16,6,2023,1606,689
16,6,2023,1607,4271
16,6,2023,1608,755
16,6,2023,1609,1306.1
16,6,2023,1610,77
16,6,2023,1611,214
16,6,2023,1612,124.5
16,6,2023,1613,308
16,6,2023,1614,39
16,6,2023,1615,180
16,6,2023,1616,145.75
16,6,2023,1617,79.5
16,6,2023,1618,189
16,6,2023,1619,100.5
16,6,2023,1620,79.5
16,6,2023,1621,68
16,6,2023,1622,18.25
16,6,2023,1623,487
16,6,2023,1624,121
16,6,2023,1625,263.11
16,6,2023,1626,354.5
16,6,2023,1627,82.5
16,6,2023,1628,346.86
16,6,2023,1629,29.5
16,6,2023,1630,59
16,6,2023,1631,408
16,6,2023,1632,86.5
16,6,2023,1633,79.5
16,6,2023,1634,291.5
16,6,2023,1635,1067.92
16,6,2023,1636,542.77
16,6,2023,1637,1065
16,6,2023,1638,107
16,6,2023,1639,67
16,6,2023,1640,44.5
16,6,2023,1641,27.82
16,6,2023,1642,22
16,6,2023,1643,14
16,6,2023,1644,218.655
16,6,2023,1645,264
16,6,2023,1646,44
16,6,2023,1647,85.75
16,6,2023,1648,1896
16,6,2023,1649,72.5
16,6,2023,1650,107
16,6,2023,1651,103.66
16,6,2023,1652,137.74
16,6,2023,1653,44
16,6,2023,1654,44
16,6,2023,1655,4131
16,6,2023,1656,121
16,6,2023,1657,330
16,6,2023,1658,354
16,6,2023,1659,94
16,6,2023,1660,159.5
16,6,2023,1661,1133.15
16,6,2023,1662,175.25
16,6,2023,1663,434
16,6,2023,1664,87.5
16,6,2023,1665,582.23
17,6,2023,1666,720
17,6,2023,1667,1008
17,6,2023,1668,220
17,6,2023,1669,88
17,6,2023,1670,201.6
17,6,2023,1671,370.7
17,6,2023,1672,212.71
17,6,2023,1673,547
17,6,2023,1674,209.5
17,6,2023,1675,62.595
17,6,2023,1676,402
17,6,2023,1677,178
17,6,2023,1678,21.5
17,6,2023,1679,59
17,6,2023,1680,1064
17,6,2023,1681,1699.82
17,6,2023,1682,121
17,6,2023,1683,2657.665
17,6,2023,1684,22
17,6,2023,1685,241
17,6,2023,1686,222
17,6,2023,1687,266
17,6,2023,1688,559.5
17,6,2023,1689,123.5
17,6,2023,1690,44
17,6,2023,1691,88
17,6,2023,1692,238.5
17,6,2023,1693,499.695
17,6,2023,1694,59
17,6,2023,1695,99
17,6,2023,1696,315
17,6,2023,1697,972
17,6,2023,1698,48
17,6,2023,1699,44
17,6,2023,1700,86.07
17,6,2023,1701,67
17,6,2023,1702,1066
17,6,2023,1703,394.814
17,6,2023,1704,51
17,6,2023,1705,88
17,6,2023,1706,166
17,6,2023,1707,280
17,6,2023,1708,126.9
17,6,2023,1709,35.5
17,6,2023,1710,503.585
17,6,2023,1711,1051.6
17,6,2023,1712,919.08
17,6,2023,1713,44
17,6,2023,1714,559
17,6,2023,1715,195
17,6,2023,1716,74
17,6,2023,1717,37
17,6,2023,1718,59
17,6,2023,1719,120
17,6,2023,1720,174
17,6,2023,1721,121
17,6,2023,1722,44
17,6,2023,1723,328.44
17,6,2023,1724,1896
17,6,2023,1725,53
17,6,2023,1726,444
17,6,2023,1727,111.3
17,6,2023,1728,17
17,6,2023,1729,11
17,6,2023,1730,88
17,6,2023,1731,412
17,6,2023,1732,118
17,6,2023,1733,67
17,6,2023,1734,159
17,6,2023,1735,218.325
17,6,2023,1736,74.94
17,6,2023,1737,365
17,6,2023,1738,159
17,6,2023,1739,994
17,6,2023,1740,186
17,6,2023,1741,1101.48
17,6,2023,1742,193
17,6,2023,1743,1043
17,6,2023,1744,341
17,6,2023,1745,34
17,6,2023,1746,52
17,6,2023,1747,44
17,6,2023,1748,37
17,6,2023,1749,3424.4
17,6,2023,1750,601
17,6,2023,1751,28
17,6,2023,1752,1612
17,6,2023,1753,132
17,6,2023,1754,21.715
17,6,2023,1755,195.8
17,6,2023,1756,451.23
17,6,2023,1757,316
17,6,2023,1758,29.5
17,6,2023,1759,702.19
17,6,2023,1760,1660.89
17,6,2023,1761,59
17,6,2023,1762,179.225
17,6,2023,1763,174
17,6,2023,1764,134
17,6,2023,1765,176
17,6,2023,1766,118.75
17,6,2023,1767,137.5
17,6,2023,1768,66
17,6,2023,1769,186.5
17,6,2023,1770,84
17,6,2023,1771,17
17,6,2023,1772,202.58
17,6,2023,1773,375
17,6,2023,1774,126
17,6,2023,1775,44.075
17,6,2023,1776,2360
17,6,2023,1777,176
17,6,2023,1778,39
17,6,2023,1779,151
17,6,2023,1780,59
17,6,2023,1781,88
17,6,2023,1782,1410.835
17,6,2023,1783,33
17,6,2023,1784,554
17,6,2023,1785,44
17,6,2023,1786,132
17,6,2023,1787,176
17,6,2023,1788,127.5
17,6,2023,1789,44
17,6,2023,1790,487.172
17,6,2023,1791,71.285
17,6,2023,1792,37
17,6,2023,1793,111
17,6,2023,1794,118
17,6,2023,1795,260
17,6,2023,1796,232.5
17,6,2023,1797,48.75
17,6,2023,1798,59
17,6,2023,1799,102
17,6,2023,1800,912.57
17,6,2023,1801,98
17,6,2023,1802,273
17,6,2023,1803,66.75
17,6,2023,1804,67.83
17,6,2023,1805,59
17,6,2023,1806,14.75
17,6,2023,1807,320
17,6,2023,1808,106
17,6,2023,1809,236
17,6,2023,1810,134
17,6,2023,1811,88
17,6,2023,1812,53
17,6,2023,1813,272
17,6,2023,1814,3673
17,6,2023,1815,69.75
17,6,2023,1816,33.5
17,6,2023,1817,354
17,6,2023,1818,74
17,6,2023,1819,530.2
17,6,2023,1820,64.32
17,6,2023,1821,58.425
17,6,2023,1822,448
17,6,2023,1823,56.25
17,6,2023,1824,443.5
17,6,2023,1825,340.61
17,6,2023,1826,107
17,6,2023,1827,37.125
17,6,2023,1828,56
17,6,2023,1829,214.725
17,6,2023,1830,186.3
17,6,2023,1831,92.04
17,6,2023,1832,59
17,6,2023,1833,1228
17,6,2023,1834,47.085
17,6,2023,1835,56
17,6,2023,1836,55.5
17,6,2023,1837,21
17,6,2023,1838,2857.97
17,6,2023,1839,42
17,6,2023,1840,71.5
17,6,2023,1841,219
17,6,2023,1842,785
17,6,2023,1843,1446.09
17,6,2023,1844,814.8
17,6,2023,1845,104.25
17,6,2023,1846,412.5
19,6,2023,1847,134.5
19,6,2023,1848,514
19,6,2023,1849,102.9
19,6,2023,1850,1105
19,6,2023,1851,268
19,6,2023,1852,600
19,6,2023,1853,2732.75
19,6,2023,1854,79.5
19,6,2023,1855,136
19,6,2023,1856,44
19,6,2023,1857,568
19,6,2023,1858,118
19,6,2023,1859,21.5
19,6,2023,1860,117.165
19,6,2023,1861,2115
19,6,2023,1862,177.5
19,6,2023,1863,310.08
19,6,2023,1864,159.74
19,6,2023,1865,765.14
19,6,2023,1866,88
19,6,2023,1867,271.005
19,6,2023,1868,361
19,6,2023,1869,1145
19,6,2023,1870,304.5
19,6,2023,1871,64.29
19,6,2023,1872,1980
19,6,2023,1873,79
19,6,2023,1874,88
19,6,2023,1875,239
19,6,2023,1876,211
19,6,2023,1877,219
19,6,2023,1878,146
19,6,2023,1879,25.37
19,6,2023,1880,131
19,6,2023,1881,443.625
19,6,2023,1882,224
19,6,2023,1883,88
19,6,2023,1884,1059
19,6,2023,1885,71
19,6,2023,1886,220
19,6,2023,1887,141.29
19,6,2023,1888,56
19,6,2023,1889,24
19,6,2023,1890,474
19,6,2023,1891,406.78
19,6,2023,1892,34
19,6,2023,1893,29
19,6,2023,1894,114.5
19,6,2023,1895,587.35
19,6,2023,1896,39.5
19,6,2023,1897,108.15
19,6,2023,1898,2730
19,6,2023,1899,44
19,6,2023,1900,298
19,6,2023,1901,170.85
19,6,2023,1902,145
19,6,2023,1903,34
19,6,2023,1904,352.16
19,6,2023,1905,19
19,6,2023,1906,11
19,6,2023,1907,33
19,6,2023,1908,14.75
19,6,2023,1909,29.425
19,6,2023,1910,72
19,6,2023,1911,53.5
19,6,2023,1912,148.5
19,6,2023,1913,116
19,6,2023,1914,160.88
19,6,2023,1915,108
19,6,2023,1916,35.5
19,6,2023,1917,602
19,6,2023,1918,88
19,6,2023,1919,360.5
19,6,2023,1920,259.25
19,6,2023,1921,59
19,6,2023,1922,204
19,6,2023,1923,348
19,6,2023,1924,272
19,6,2023,1925,66
19,6,2023,1926,77.75
19,6,2023,1927,1170
19,6,2023,1928,83.5
19,6,2023,1929,104
19,6,2023,1930,55.5
19,6,2023,1931,63
19,6,2023,1932,56
19,6,2023,1933,97
19,6,2023,1934,709
19,6,2023,1935,453.075
19,6,2023,1936,390
19,6,2023,1937,193.5
19,6,2023,1938,548.08
19,6,2023,1939,352
19,6,2023,1940,22
19,6,2023,1941,159
19,6,2023,1942,1064
19,6,2023,1943,196.35
19,6,2023,1944,418.86
19,6,2023,1945,44
19,6,2023,1946,142
19,6,2023,1947,102.5
19,6,2023,1948,260
19,6,2023,1949,29.5
19,6,2023,1950,44
19,6,2023,1951,4404.5
19,6,2023,1952,176
19,6,2023,1953,122
19,6,2023,1954,70.5
19,6,2023,1955,37
19,6,2023,1956,474
19,6,2023,1957,2070
19,6,2023,1958,2472.15
19,6,2023,1959,34
19,6,2023,1960,245
19,6,2023,1961,42.9
19,6,2023,1962,645
19,6,2023,1963,174
19,6,2023,1964,354.5
19,6,2023,1965,29.5
19,6,2023,1966,7.25
19,6,2023,1967,106.5
19,6,2023,1968,232
19,6,2023,1969,21.5
19,6,2023,1970,29.5
19,6,2023,1971,474
19,6,2023,1972,90
19,6,2023,1973,860
19,6,2023,1974,18.75
19,6,2023,1975,2376.34
19,6,2023,1976,38
19,6,2023,1977,22.25
19,6,2023,1978,59
19,6,2023,1979,145
19,6,2023,1980,1618
19,6,2023,1981,214
19,6,2023,1982,550
19,6,2023,1983,205
19,6,2023,1984,121
20,6,2023,1985,1321
20,6,2023,1986,333
20,6,2023,1987,489
20,6,2023,1988,214.725
20,6,2023,1989,88
20,6,2023,1990,954
20,6,2023,1991,142
20,6,2023,1992,56
20,6,2023,1993,132
20,6,2023,1994,66
20,6,2023,1995,138.5
20,6,2023,1996,440
20,6,2023,1997,642
20,6,2023,1998,170.28
20,6,2023,1999,246.75
20,6,2023,2000,251
20,6,2023,2001,188.57
20,6,2023,2002,335
20,6,2023,2003,1734
20,6,2023,2004,1650
20,6,2023,2005,5125
20,6,2023,2006,1557.24
20,6,2023,2007,220
20,6,2023,2008,359.5
20,6,2023,2009,412
20,6,2023,2010,159
20,6,2023,2011,29.5
20,6,2023,2012,614.56
20,6,2023,2013,905.4
20,6,2023,2014,44.5
20,6,2023,2015,35.5
20,6,2023,2016,68.87
20,6,2023,2017,99.285
20,6,2023,2018,474
20,6,2023,2019,170
20,6,2023,2020,352
20,6,2023,2021,14.75
20,6,2023,2022,103.75
20,6,2023,2023,22
20,6,2023,2024,467.5
20,6,2023,2025,1579
20,6,2023,2026,561.885
20,6,2023,2027,740.24
20,6,2023,2028,272
20,6,2023,2029,45.865
20,6,2023,2030,530
20,6,2023,2031,122
20,6,2023,2032,407
20,6,2023,2033,300
20,6,2023,2034,472
20,6,2023,2035,44
20,6,2023,2036,112
20,6,2023,2037,53
20,6,2023,2038,390
20,6,2023,2039,871.725
20,6,2023,2040,613.2
20,6,2023,2041,63
20,6,2023,2042,267.5
20,6,2023,2043,21.725
20,6,2023,2044,416
20,6,2023,2045,802.92
20,6,2023,2046,432.82
20,6,2023,2047,545
20,6,2023,2048,33.79
20,6,2023,2049,21.5
20,6,2023,2050,69
20,6,2023,2051,368.45
20,6,2023,2052,10.75
20,6,2023,2053,810.615
20,6,2023,2054,44
20,6,2023,2055,780
20,6,2023,2056,88
20,6,2023,2057,390
20,6,2023,2058,29.5
20,6,2023,2059,261
20,6,2023,2060,155.825
20,6,2023,2061,248.03
20,6,2023,2062,118
20,6,2023,2063,625.09
20,6,2023,2064,22
20,6,2023,2065,44
20,6,2023,2066,846.27
20,6,2023,2067,59
20,6,2023,2068,79.5
20,6,2023,2069,44
20,6,2023,2070,86
20,6,2023,2071,122
20,6,2023,2072,948
20,6,2023,2073,785
20,6,2023,2074,37
20,6,2023,2075,710
20,6,2023,2076,59
20,6,2023,2077,671.99
20,6,2023,2078,29.5
20,6,2023,2079,112
20,6,2023,2080,59
20,6,2023,2081,5059
20,6,2023,2082,1228
20,6,2023,2083,25
20,6,2023,2084,835.23
20,6,2023,2085,18.5
20,6,2023,2086,1277.02
20,6,2023,2087,264
20,6,2023,2088,3053
20,6,2023,2089,70
20,6,2023,2090,354
20,6,2023,2091,137.5
20,6,2023,2092,59
20,6,2023,2093,137.5
20,6,2023,2094,129
20,6,2023,2095,66
20,6,2023,2096,22
20,6,2023,2097,353.1
20,6,2023,2098,536.025
20,6,2023,2099,29.5
20,6,2023,2100,264
20,6,2023,2101,44
20,6,2023,2102,1228
20,6,2023,2103,34
20,6,2023,2104,472.675
20,6,2023,2105,1937
20,6,2023,2106,214
20,6,2023,2107,312.175
21,6,2023,2108,785
21,6,2023,2109,222.85
21,6,2023,2110,440
21,6,2023,2111,435
21,6,2023,2112,29.5
21,6,2023,2113,249
21,6,2023,2114,122
21,6,2023,2115,1274
21,6,2023,2116,256
21,6,2023,2117,182.105
21,6,2023,2118,171.785
21,6,2023,2119,88
21,6,2023,2120,240.25
21,6,2023,2121,171.5
21,6,2023,2122,68
21,6,2023,2123,1312
21,6,2023,2124,477
21,6,2023,2125,386.59
21,6,2023,2126,2128
21,6,2023,2127,29.5
21,6,2023,2128,88
21,6,2023,2129,309
21,6,2023,2130,79.5
21,6,2023,2131,318
21,6,2023,2132,614
21,6,2023,2133,133.5
21,6,2023,2134,169
21,6,2023,2135,696
21,6,2023,2136,1064
21,6,2023,2137,53
21,6,2023,2138,22
21,6,2023,2139,361
21,6,2023,2140,335.5
21,6,2023,2141,214
21,6,2023,2142,59
21,6,2023,2143,66
21,6,2023,2144,2748.69
21,6,2023,2145,212.395
21,6,2023,2146,180.225
21,6,2023,2147,130
21,6,2023,2148,101.5
21,6,2023,2149,1770
21,6,2023,2150,68
21,6,2023,2151,17.75
21,6,2023,2152,244
21,6,2023,2153,79
21,6,2023,2154,1182
21,6,2023,2155,188
21,6,2023,2156,1163
21,6,2023,2157,2574
21,6,2023,2158,318.675
21,6,2023,2159,206
21,6,2023,2160,488.755
21,6,2023,2161,397.5
21,6,2023,2162,34
21,6,2023,2163,156.5
21,6,2023,2164,984.8
21,6,2023,2165,419.84
21,6,2023,2166,301.15
21,6,2023,2167,194
21,6,2023,2168,59
21,6,2023,2169,29.5
21,6,2023,2170,132
21,6,2023,2171,390
21,6,2023,2172,1201.58
21,6,2023,2173,88.5
21,6,2023,2174,44
21,6,2023,2175,71
21,6,2023,2176,29.5
21,6,2023,2177,21.5
21,6,2023,2178,202
21,6,2023,2179,492.55
21,6,2023,2180,138.5
21,6,2023,2181,468
21,6,2023,2182,29.5
21,6,2023,2183,1555
21,6,2023,2184,284
21,6,2023,2185,44
21,6,2023,2186,318
21,6,2023,2187,1082.085
21,6,2023,2188,472
21,6,2023,2189,124.655
21,6,2023,2190,59
21,6,2023,2191,632
21,6,2023,2192,1707.79
21,6,2023,2193,71
21,6,2023,2194,112
21,6,2023,2195,785
21,6,2023,2196,14
21,6,2023,2197,46.255
21,6,2023,2198,21.5
21,6,2023,2199,67
21,6,2023,2200,471
21,6,2023,2201,467.5
21,6,2023,2202,277
21,6,2023,2203,205.25
21,6,2023,2204,390
21,6,2023,2205,44.5
21,6,2023,2206,59
21,6,2023,2207,59
21,6,2023,2208,852
21,6,2023,2209,21
21,6,2023,2210,390
21,6,2023,2211,57.245
21,6,2023,2212,44
21,6,2023,2213,56
21,6,2023,2214,177.25
21,6,2023,2215,29.5
21,6,2023,2216,59
21,6,2023,2217,298.12
21,6,2023,2218,88
21,6,2023,2219,22
21,6,2023,2220,273
21,6,2023,2221,96
21,6,2023,2222,34.79
21,6,2023,2223,107
21,6,2023,2224,88
21,6,2023,2225,272
21,6,2023,2226,1480.94
21,6,2023,2227,545
21,6,2023,2228,29.5
21,6,2023,2229,217.75
21,6,2023,2230,368.041
21,6,2023,2231,948
21,6,2023,2232,176
21,6,2023,2233,44
21,6,2023,2234,269.42
21,6,2023,2235,176
21,6,2023,2236,253
21,6,2023,2237,38.5
21,6,2023,2238,247.5
21,6,2023,2239,165
21,6,2023,2240,421.43
21,6,2023,2241,87
21,6,2023,2242,59
21,6,2023,2243,215.5
21,6,2023,2244,104.475
21,6,2023,2245,308
21,6,2023,2246,59
21,6,2023,2247,1148.9
21,6,2023,2248,7105
21,6,2023,2249,66.75
21,6,2023,2250,11
21,6,2023,2251,112
21,6,2023,2252,44.25
21,6,2023,2253,243.825
21,6,2023,2254,767.17
22,6,2023,2255,34
22,6,2023,2256,139.87
22,6,2023,2257,251.32
22,6,2023,2258,245.66
22,6,2023,2259,285
22,6,2023,2260,225
22,6,2023,2261,103.66
22,6,2023,2262,95.25
22,6,2023,2263,387
22,6,2023,2264,69
22,6,2023,2265,159
22,6,2023,2266,695.5
22,6,2023,2267,66
22,6,2023,2268,240.15
22,6,2023,2269,460
22,6,2023,2270,308
22,6,2023,2271,744
22,6,2023,2272,66
22,6,2023,2273,165
22,6,2023,2274,11
22,6,2023,2275,1842
22,6,2023,2276,159
22,6,2023,2277,143.42
22,6,2023,2278,185
22,6,2023,2279,79.5
22,6,2023,2280,1713
22,6,2023,2281,136
22,6,2023,2282,103.065
22,6,2023,2283,67
22,6,2023,2284,102.29
22,6,2023,2285,148.335
22,6,2023,2286,655.725
22,6,2023,2287,426.5
22,6,2023,2288,59
22,6,2023,2289,203
22,6,2023,2290,3875
22,6,2023,2291,29
22,6,2023,2292,112
22,6,2023,2293,159
22,6,2023,2294,947
22,6,2023,2295,626.5
22,6,2023,2296,907.025
22,6,2023,2297,33
22,6,2023,2298,928
22,6,2023,2299,43
22,6,2023,2300,378.675
22,6,2023,2301,719.58
22,6,2023,2302,214
22,6,2023,2303,98.345
22,6,2023,2304,272
22,6,2023,2305,88
22,6,2023,2306,907.5
22,6,2023,2307,35.5
22,6,2023,2308,96.565
22,6,2023,2309,321
22,6,2023,2310,1897.5
22,6,2023,2311,403
22,6,2023,2312,305.3
22,6,2023,2313,52
22,6,2023,2314,88
22,6,2023,2315,466
22,6,2023,2316,35.5
22,6,2023,2317,179.15
22,6,2023,2318,1383.5
22,6,2023,2319,22
22,6,2023,2320,44
22,6,2023,2321,121
22,6,2023,2322,88
22,6,2023,2323,188
22,6,2023,2324,874.08
22,6,2023,2325,2582.95
22,6,2023,2326,660.2
22,6,2023,2327,602.365
22,6,2023,2328,164
22,6,2023,2329,585.185
22,6,2023,2330,112
22,6,2023,2331,275.48
22,6,2023,2332,22
22,6,2023,2333,44
22,6,2023,2334,70.085
22,6,2023,2335,59.92
22,6,2023,2336,39.5
22,6,2023,2337,505
22,6,2023,2338,29.5
22,6,2023,2339,103.24
22,6,2023,2340,59
22,6,2023,2341,180.75
22,6,2023,2342,1050.38
22,6,2023,2343,390
22,6,2023,2344,29
22,6,2023,2345,85.785
22,6,2023,2346,1429.5
22,6,2023,2347,1460.25
22,6,2023,2348,66
22,6,2023,2349,22
22,6,2023,2350,43
22,6,2023,2351,67
22,6,2023,2352,102
22,6,2023,2353,284
22,6,2023,2354,189
22,6,2023,2355,268
22,6,2023,2356,44
22,6,2023,2357,14.75
22,6,2023,2358,583.495
22,6,2023,2359,159
22,6,2023,2360,433.725
22,6,2023,2361,670.5
22,6,2023,2362,66
22,6,2023,2363,930
22,6,2023,2364,59
22,6,2023,2365,185.45
22,6,2023,2366,725.65
22,6,2023,2367,22
22,6,2023,2368,852
22,6,2023,2369,1064
22,6,2023,2370,19
22,6,2023,2371,61
22,6,2023,2372,14.75
22,6,2023,2373,474
22,6,2023,2374,112.5
22,6,2023,2375,170
22,6,2023,2376,930.885
22,6,2023,2377,448
22,6,2023,2378,296
22,6,2023,2379,780
22,6,2023,2380,1583.09
22,6,2023,2381,102
22,6,2023,2382,318
22,6,2023,2383,200.3
22,6,2023,2384,205.5
22,6,2023,2385,69
22,6,2023,2386,137.125
22,6,2023,2387,403.92
22,6,2023,2388,1025.5
22,6,2023,2389,426
22,6,2023,2390,151.925
22,6,2023,2391,115
22,6,2023,2392,34
22,6,2023,2393,82.5
22,6,2023,2394,71
22,6,2023,2395,122
22,6,2023,2396,93.225
22,6,2023,2397,483
22,6,2023,2398,149
22,6,2023,2399,202
22,6,2023,2400,411.28
22,6,2023,2401,474
22,6,2023,2402,85
22,6,2023,2403,238
22,6,2023,2404,299
22,6,2023,2405,44
22,6,2023,2406,370.5
22,6,2023,2407,528
22,6,2023,2408,14
22,6,2023,2409,206.36
22,6,2023,2410,438
22,6,2023,2411,144.21
22,6,2023,2412,2075.14
22,6,2023,2413,1443.17
22,6,2023,2414,443.5
22,6,2023,2415,474
22,6,2023,2416,948
22,6,2023,2417,445.96
22,6,2023,2418,228
22,6,2023,2419,51
22,6,2023,2420,88
22,6,2023,2421,59
22,6,2023,2422,71
22,6,2023,2423,1427.1
22,6,2023,2424,1301
23,6,2023,2425,59
23,6,2023,2426,63
23,6,2023,2427,138
23,6,2023,2428,44
23,6,2023,2429,220
23,6,2023,2430,399
23,6,2023,2431,139.87
23,6,2023,2432,220
23,6,2023,2433,238.5
23,6,2023,2434,92.115
23,6,2023,2435,66
23,6,2023,2436,586
23,6,2023,2437,420
23,6,2023,2438,219
23,6,2023,2439,71
23,6,2023,2440,240.675
23,6,2023,2441,301.04
23,6,2023,2442,214
23,6,2023,2443,122
23,6,2023,2444,216.29
23,6,2023,2445,248
23,6,2023,2446,493
23,6,2023,2447,64.25
23,6,2023,2448,88
23,6,2023,2449,59
23,6,2023,2450,21
23,6,2023,2451,11
23,6,2023,2452,176
23,6,2023,2453,1570.26
23,6,2023,2454,79.5
23,6,2023,2455,313.35
23,6,2023,2456,264.385
23,6,2023,2457,32.1
23,6,2023,2458,118
23,6,2023,2459,84.105
23,6,2023,2460,264.5
23,6,2023,2461,2914.79
23,6,2023,2462,118
23,6,2023,2463,228
23,6,2023,2464,44.5
23,6,2023,2465,601.5
23,6,2023,2466,219
23,6,2023,2467,522
23,6,2023,2468,352
23,6,2023,2469,22
23,6,2023,2470,258
23,6,2023,2471,118
23,6,2023,2472,287.266
23,6,2023,2473,738.65
23,6,2023,2474,59
23,6,2023,2475,66
23,6,2023,2476,85.5
23,6,2023,2477,988
23,6,2023,2478,44
23,6,2023,2479,24
23,6,2023,2480,76.125
23,6,2023,2481,937.88
23,6,2023,2482,142
23,6,2023,2483,2210
23,6,2023,2484,110.775
23,6,2023,2485,165
23,6,2023,2486,1255
23,6,2023,2487,2578.37
23,6,2023,2488,79.5
23,6,2023,2489,24
23,6,2023,2490,389.5
23,6,2023,2491,48
23,6,2023,2492,74
23,6,2023,2493,220
23,6,2023,2494,176
23,6,2023,2495,112
23,6,2023,2496,35.5
23,6,2023,2497,366
23,6,2023,2498,736
23,6,2023,2499,1108.75
23,6,2023,2500,71
23,6,2023,2501,477
23,6,2023,2502,69
23,6,2023,2503,68
23,6,2023,2504,68
23,6,2023,2505,302.32
23,6,2023,2506,1012.125
23,6,2023,2507,101.5
23,6,2023,2508,985.825
23,6,2023,2509,474
23,6,2023,2510,71
23,6,2023,2511,302.95
23,6,2023,2512,474
23,6,2023,2513,29.5
23,6,2023,2514,145
23,6,2023,2515,121
23,6,2023,2516,50.5
23,6,2023,2517,1305.4
23,6,2023,2518,76.5
23,6,2023,2519,592.275
23,6,2023,2520,66
23,6,2023,2521,37
23,6,2023,2522,68
23,6,2023,2523,44
23,6,2023,2524,1100
23,6,2023,2525,134
23,6,2023,2526,511
23,6,2023,2527,62
23,6,2023,2528,984.3
23,6,2023,2529,595
23,6,2023,2530,176
23,6,2023,2531,214
23,6,2023,2532,1865.66
23,6,2023,2533,962.5
23,6,2023,2534,643.21
23,6,2023,2535,1442.5
23,6,2023,2536,209
23,6,2023,2537,580
23,6,2023,2538,286.5
23,6,2023,2539,264
23,6,2023,2540,66
23,6,2023,2541,219
23,6,2023,2542,177
23,6,2023,2543,42
23,6,2023,2544,210
23,6,2023,2545,102
23,6,2023,2546,105.02
23,6,2023,2547,437.3
23,6,2023,2548,1942.26
23,6,2023,2549,290.3
23,6,2023,2550,59
23,6,2023,2551,1065
23,6,2023,2552,29.5
23,6,2023,2553,59
23,6,2023,2554,92.02
23,6,2023,2555,113.925
23,6,2023,2556,44
23,6,2023,2557,145.79
23,6,2023,2558,269.405
23,6,2023,2559,225.5
23,6,2023,2560,22.25
23,6,2023,2561,99
23,6,2023,2562,903
23,6,2023,2563,3928
23,6,2023,2564,219
23,6,2023,2565,44
23,6,2023,2566,43
23,6,2023,2567,94
23,6,2023,2568,56
23,6,2023,2569,21
23,6,2023,2570,22
23,6,2023,2571,206.5
23,6,2023,2572,59
23,6,2023,2573,63.5
23,6,2023,2574,581.58
23,6,2023,2575,972
23,6,2023,2576,22
23,6,2023,2577,61
23,6,2023,2578,1618
23,6,2023,2579,176
23,6,2023,2580,105
23,6,2023,2581,34
23,6,2023,2582,219
23,6,2023,2583,88
23,6,2023,2584,426
23,6,2023,2585,138.755
23,6,2023,2586,122
23,6,2023,2587,68
23,6,2023,2588,17.75
23,6,2023,2589,349.89
24,6,2023,2590,341.775
24,6,2023,2591,62
24,6,2023,2592,22
24,6,2023,2593,56.175
24,6,2023,2594,205
24,6,2023,2595,1008
24,6,2023,2596,86
24,6,2023,2597,264
24,6,2023,2598,43
24,6,2023,2599,725.5
24,6,2023,2600,90
24,6,2023,2601,1787.775
24,6,2023,2602,264
24,6,2023,2603,2199.32
24,6,2023,2604,1064
24,6,2023,2605,65.6
24,6,2023,2606,66
24,6,2023,2607,262
24,6,2023,2608,308
24,6,2023,2609,44
24,6,2023,2610,414.7
24,6,2023,2611,31.5
24,6,2023,2612,120.375
24,6,2023,2613,657
24,6,2023,2614,186.16
24,6,2023,2615,746
24,6,2023,2616,1781
24,6,2023,2617,11
24,6,2023,2618,27.305
24,6,2023,2619,118
24,6,2023,2620,203
24,6,2023,2621,477
24,6,2023,2622,137.5
24,6,2023,2623,121
24,6,2023,2624,172
24,6,2023,2625,44
24,6,2023,2626,1560
24,6,2023,2627,795
24,6,2023,2628,18.5
24,6,2023,2629,60.99
24,6,2023,2630,1790
24,6,2023,2631,636
24,6,2023,2632,1028.38
24,6,2023,2633,306
24,6,2023,2634,35.5
24,6,2023,2635,134
24,6,2023,2636,911.63
24,6,2023,2637,43.5
24,6,2023,2638,38
24,6,2023,2639,734.85
24,6,2023,2640,88
24,6,2023,2641,488
24,6,2023,2642,496.71
24,6,2023,2643,466
24,6,2023,2644,89
24,6,2023,2645,88
24,6,2023,2646,132
24,6,2023,2647,542.06
24,6,2023,2648,867.605
24,6,2023,2649,132
24,6,2023,2650,71
24,6,2023,2651,44
24,6,2023,2652,59.92
24,6,2023,2653,118
24,6,2023,2654,3875
24,6,2023,2655,51
24,6,2023,2656,362
24,6,2023,2657,595
24,6,2023,2658,556.5
24,6,2023,2659,186
24,6,2023,2660,22
24,6,2023,2661,138.5
24,6,2023,2662,68.5
24,6,2023,2663,2628
24,6,2023,2664,327
24,6,2023,2665,44
24,6,2023,2666,99
24,6,2023,2667,29
24,6,2023,2668,3281.64
24,6,2023,2669,218
24,6,2023,2670,67
24,6,2023,2671,115
24,6,2023,2672,129
24,6,2023,2673,35.5
24,6,2023,2674,44
24,6,2023,2675,113
24,6,2023,2676,88
24,6,2023,2677,22
24,6,2023,2678,224
24,6,2023,2679,59
24,6,2023,2680,44
24,6,2023,2681,29.5
24,6,2023,2682,69
24,6,2023,2683,396
24,6,2023,2684,885.22
24,6,2023,2685,366
24,6,2023,2686,476
24,6,2023,2687,289
24,6,2023,2688,132
24,6,2023,2689,396
24,6,2023,2690,77.75
24,6,2023,2691,106.355
24,6,2023,2692,890
24,6,2023,2693,719.075
24,6,2023,2694,1469.95
24,6,2023,2695,55.125
24,6,2023,2696,29.5
24,6,2023,2697,257.75
24,6,2023,2698,59
24,6,2023,2699,242.95
24,6,2023,2700,149.675
24,6,2023,2701,353.58
24,6,2023,2702,71
24,6,2023,2703,53.5
24,6,2023,2704,19
24,6,2023,2705,214
24,6,2023,2706,279
24,6,2023,2707,122
24,6,2023,2708,45.15
24,6,2023,2709,65.5
24,6,2023,2710,495
24,6,2023,2711,154
24,6,2023,2712,43.5
24,6,2023,2713,44
24,6,2023,2714,159
24,6,2023,2715,219
24,6,2023,2716,593.975
24,6,2023,2717,1064
24,6,2023,2718,630.63
24,6,2023,2719,167
24,6,2023,2720,170
24,6,2023,2721,94
24,6,2023,2722,142
24,6,2023,2723,1575.325
24,6,2023,2724,121
24,6,2023,2725,134
24,6,2023,2726,129.575
24,6,2023,2727,88
24,6,2023,2728,34
24,6,2023,2729,177
24,6,2023,2730,58.75
24,6,2023,2731,59
24,6,2023,2732,18.5
24,6,2023,2733,50.5
24,6,2023,2734,221.55
24,6,2023,2735,632
24,6,2023,2736,418.87
24,6,2023,2737,94.89
24,6,2023,2738,92
24,6,2023,2739,18.5
24,6,2023,2740,281
24,6,2023,2741,34
24,6,2023,2742,83.205
24,6,2023,2743,86.2
24,6,2023,2744,103
24,6,2023,2745,548.625
24,6,2023,2746,932.7
24,6,2023,2747,87
24,6,2023,2748,96
24,6,2023,2749,101.405
24,6,2023,2750,96
24,6,2023,2751,6265
24,6,2023,2752,71
24,6,2023,2753,71
24,6,2023,2754,57.34
24,6,2023,2755,88
24,6,2023,2756,82.5
24,6,2023,2757,492.4
24,6,2023,2758,154.56
24,6,2023,2759,132
24,6,2023,2760,49
24,6,2023,2761,22
24,6,2023,2762,193.2
24,6,2023,2763,29.5
24,6,2023,2764,29.5
24,6,2023,2765,988.61
24,6,2023,2766,137.125
24,6,2023,2767,45.39
24,6,2023,2768,159
24,6,2023,2769,2775.995
24,6,2023,2770,29.5
26,6,2023,2771,177.5
26,6,2023,2772,497
26,6,2023,2773,88
26,6,2023,2774,236
26,6,2023,2775,53
26,6,2023,2776,45
26,6,2023,2777,23.5
26,6,2023,2778,1105
26,6,2023,2779,55.5
26,6,2023,2780,474
26,6,2023,2781,204.35
26,6,2023,2782,79.5
26,6,2023,2783,22
26,6,2023,2784,19.75
26,6,2023,2785,10.75
26,6,2023,2786,275
26,6,2023,2787,238
26,6,2023,2788,18.5
26,6,2023,2789,132
26,6,2023,2790,115.5
26,6,2023,2791,38.25
26,6,2023,2792,88
26,6,2023,2793,177
26,6,2023,2794,61
26,6,2023,2795,224
26,6,2023,2796,29.5
26,6,2023,2797,136
26,6,2023,2798,91
26,6,2023,2799,90
26,6,2023,2800,69
26,6,2023,2801,64.5
26,6,2023,2802,62
26,6,2023,2803,1064
26,6,2023,2804,402
26,6,2023,2805,402
26,6,2023,2806,1842
26,6,2023,2807,88
26,6,2023,2808,107.625
26,6,2023,2809,69
26,6,2023,2810,59
26,6,2023,2811,45
26,6,2023,2812,70.29
26,6,2023,2813,132
26,6,2023,2814,44
26,6,2023,2815,68
26,6,2023,2816,44.5
26,6,2023,2817,35.75
26,6,2023,2818,30.5
26,6,2023,2819,25
26,6,2023,2820,24
26,6,2023,2821,88
26,6,2023,2822,784
26,6,2023,2823,91
26,6,2023,2824,308
26,6,2023,2825,53
26,6,2023,2826,88
26,6,2023,2827,625.66
26,6,2023,2828,3875
26,6,2023,2829,1064
26,6,2023,2830,318
26,6,2023,2831,84
26,6,2023,2832,52
26,6,2023,2833,45
26,6,2023,2834,176
26,6,2023,2835,71.5
26,6,2023,2836,1107.75
26,6,2023,2837,714.67
26,6,2023,2838,321
26,6,2023,2839,121
26,6,2023,2840,876
26,6,2023,2841,62
26,6,2023,2842,25
26,6,2023,2843,208.74
26,6,2023,2844,118
26,6,2023,2845,110.25
26,6,2023,2846,45
26,6,2023,2847,79.5
26,6,2023,2848,79
26,6,2023,2849,168
26,6,2023,2850,102
26,6,2023,2851,44
26,6,2023,2852,9.25
26,6,2023,2853,35.5
26,6,2023,2854,90
26,6,2023,2855,88
26,6,2023,2856,42.785
26,6,2023,2857,2520
26,6,2023,2858,85
26,6,2023,2859,204
26,6,2023,2860,79.5
26,6,2023,2861,50.75
26,6,2023,2862,29.5
26,6,2023,2863,775
26,6,2023,2864,453.075
26,6,2023,2865,247.5
26,6,2023,2866,146.88
26,6,2023,2867,42
26,6,2023,2868,62
26,6,2023,2869,90
26,6,2023,2870,79
26,6,2023,2871,871.5
26,6,2023,2872,44.25
26,6,2023,2873,213
26,6,2023,2874,68
26,6,2023,2875,39
26,6,2023,2876,284
26,6,2023,2877,177
26,6,2023,2878,116.55
26,6,2023,2879,35.5
26,6,2023,2880,136
26,6,2023,2881,49.5
26,6,2023,2882,59
26,6,2023,2883,55
26,6,2023,2884,219
26,6,2023,2885,330
26,6,2023,2886,136
26,6,2023,2887,134
26,6,2023,2888,105
26,6,2023,2889,71
26,6,2023,2890,299
26,6,2023,2891,258
26,6,2023,2892,101.5
26,6,2023,2893,215.25
26,6,2023,2894,132
26,6,2023,2895,153.01
26,6,2023,2896,594
26,6,2023,2897,47
26,6,2023,2898,100
26,6,2023,2899,68
26,6,2023,2900,52.43
26,6,2023,2901,470
26,6,2023,2902,244
26,6,2023,2903,238
26,6,2023,2904,197.5
26,6,2023,2905,101.5
26,6,2023,2906,92.45
26,6,2023,2907,134
26,6,2023,2908,129
26,6,2023,2909,93
26,6,2023,2910,74
26,6,2023,2911,35.5
26,6,2023,2912,316
26,6,2023,2913,71
26,6,2023,2914,44
26,6,2023,2915,136
26,6,2023,2916,32.5
26,6,2023,2917,3318
26,6,2023,2918,121
26,6,2023,2919,321
26,6,2023,2920,309
26,6,2023,2921,46.87
26,6,2023,2922,219
26,6,2023,2923,214
26,6,2023,2924,206
26,6,2023,2925,46.655
26,6,2023,2926,426
26,6,2023,2927,176
26,6,2023,2928,62.5
26,6,2023,2929,18.5
26,6,2023,2930,17.75
26,6,2023,2931,238
26,6,2023,2932,112
26,6,2023,2933,132
26,6,2023,2934,72
26,6,2023,2935,45
26,6,2023,2936,20.64
26,6,2023,2937,14.75
26,6,2023,2938,390
26,6,2023,2939,61
26,6,2023,2940,44
26,6,2023,2941,2163.15
26,6,2023,2942,336
26,6,2023,2943,63
26,6,2023,2944,34
26,6,2023,2945,18.5
26,6,2023,2946,224
26,6,2023,2947,44
26,6,2023,2948,2154.98
26,6,2023,2949,630
26,6,2023,2950,423
26,6,2023,2951,147
26,6,2023,2952,310
26,6,2023,2953,124
26,6,2023,2954,550.96
26,6,2023,2955,274.254
26,6,2023,2956,214.5
26,6,2023,2957,346.48
26,6,2023,2958,128.935
26,6,2023,2959,279.03
26,6,2023,2960,88
26,6,2023,2961,71
26,6,2023,2962,84
26,6,2023,2963,35.75
26,6,2023,2964,22
26,6,2023,2965,18.5
26,6,2023,2966,61
26,6,2023,2967,118.95
26,6,2023,2968,71
26,6,2023,2969,59
26,6,2023,2970,31.03
26,6,2023,2971,170
26,6,2023,2972,99
26,6,2023,2973,29.5
26,6,2023,2974,44
26,6,2023,2975,168
26,6,2023,2976,106
26,6,2023,2977,53
26,6,2023,2978,50.75
26,6,2023,2979,59
26,6,2023,2980,32.25
26,6,2023,2981,22.5
26,6,2023,2982,29.5
26,6,2023,2983,264
26,6,2023,2984,55.5
26,6,2023,2985,325.5
26,6,2023,2986,103
26,6,2023,2987,276.9
26,6,2023,2988,134
26,6,2023,2989,33
26,6,2023,2990,154
26,6,2023,2991,39.5
26,6,2023,2992,1751
26,6,2023,2993,88
26,6,2023,2994,636
26,6,2023,2995,22
26,6,2023,2996,29.5
26,6,2023,2997,31.03
26,6,2023,2998,29.5
26,6,2023,2999,474
26,6,2023,3000,168
26,6,2023,3001,84
26,6,2023,3002,80.592
26,6,2023,3003,79.5
26,6,2023,3004,44
26,6,2023,3005,67
26,6,2023,3006,504
26,6,2023,3007,84
26,6,2023,3008,62
26,6,2023,3009,61.41
26,6,2023,3010,17
26,6,2023,3011,33.5
26,6,2023,3012,56
26,6,2023,3013,55
26,6,2023,3014,55.5
26,6,2023,3015,47
26,6,2023,3016,55
26,6,2023,3017,44
26,6,2023,3018,11
26,6,2023,3019,272
26,6,2023,3020,268
26,6,2023,3021,57.85
26,6,2023,3022,34
26,6,2023,3023,224
26,6,2023,3024,220
26,6,2023,3025,53
26,6,2023,3026,73.75
26,6,2023,3027,30.5
26,6,2023,3028,22
26,6,2023,3029,413.22
26,6,2023,3030,108.675
26,6,2023,3031,219
26,6,2023,3032,284
26,6,2023,3033,53
26,6,2023,3034,112.885
26,6,2023,3035,33
26,6,2023,3036,39
26,6,2023,3037,38.5
26,6,2023,3038,4125
26,6,2023,3039,3700
26,6,2023,3040,610
26,6,2023,3041,670
26,6,2023,3042,670
26,6,2023,3043,60.965
26,6,2023,3044,129
26,6,2023,3045,113.42
26,6,2023,3046,102
26,6,2023,3047,90.3
26,6,2023,3048,75
26,6,2023,3049,129
26,6,2023,3050,117.7
26,6,2023,3051,102
26,6,2023,3052,89.87
26,6,2023,3053,75
26,6,2023,3054,1230
26,6,2023,3055,461.17
26,6,2023,3056,430
26,6,2023,3057,34
26,6,2023,3058,12.5
26,6,2023,3059,44
26,6,2023,3060,118
26,6,2023,3061,107
26,6,2023,3062,107
26,6,2023,3063,66
26,6,2023,3064,34
26,6,2023,3065,22
26,6,2023,3066,166
26,6,2023,3067,62.5
26,6,2023,3068,111
26,6,2023,3069,59
26,6,2023,3070,35.75
26,6,2023,3071,44
26,6,2023,3072,244
26,6,2023,3073,107
26,6,2023,3074,6945
26,6,2023,3075,3315
26,6,2023,3076,2380
26,6,2023,3077,90
26,6,2023,3078,420
26,6,2023,3079,224.175
26,6,2023,3080,217.175
26,6,2023,3081,45
26,6,2023,3082,142.04
26,6,2023,3083,110.775
26,6,2023,3084,308
26,6,2023,3085,174
26,6,2023,3086,118
26,6,2023,3087,88
26,6,2023,3088,45.15
26,6,2023,3089,225
26,6,2023,3090,35
26,6,2023,3091,18.75
26,6,2023,3092,86
26,6,2023,3093,22
26,6,2023,3094,336
27,6,2023,3095,820
27,6,2023,3096,220
27,6,2023,3097,84
27,6,2023,3098,47.945
27,6,2023,3099,34.505
27,6,2023,3100,785
27,6,2023,3101,37
27,6,2023,3102,142
27,6,2023,3103,135
27,6,2023,3104,88.5
27,6,2023,3105,53.5
27,6,2023,3106,18.5
27,6,2023,3107,22
27,6,2023,3108,32.25
27,6,2023,3109,572
27,6,2023,3110,135.61
27,6,2023,3111,111.28
27,6,2023,3112,29.5
27,6,2023,3113,31.5
27,6,2023,3114,201
27,6,2023,3115,88
27,6,2023,3116,320.775
27,6,2023,3117,55.5
27,6,2023,3118,123.83
27,6,2023,3119,110.775
27,6,2023,3120,85.14
27,6,2023,3121,53
27,6,2023,3122,710.5
27,6,2023,3123,183
27,6,2023,3124,89
27,6,2023,3125,22
27,6,2023,3126,135
27,6,2023,3127,43.43
27,6,2023,3128,69
27,6,2023,3129,843.48
27,6,2023,3130,45
27,6,2023,3131,24.94
27,6,2023,3132,321
27,6,2023,3133,224
27,6,2023,3134,180
27,6,2023,3135,590
27,6,2023,3136,536
27,6,2023,3137,336
27,6,2023,3138,159
27,6,2023,3139,55
27,6,2023,3140,34
27,6,2023,3141,10.75
27,6,2023,3142,238.5
27,6,2023,3143,126
27,6,2023,3144,9685
27,6,2023,3145,1960
27,6,2023,3146,84
27,6,2023,3147,220
27,6,2023,3148,112
27,6,2023,3149,45
27,6,2023,3150,168
27,6,2023,3151,174
27,6,2023,3152,431.745
27,6,2023,3153,238.5
27,6,2023,3154,84
27,6,2023,3155,45
27,6,2023,3156,87
27,6,2023,3157,29.5
27,6,2023,3158,614
27,6,2023,3159,43.43
27,6,2023,3160,495
27,6,2023,3161,275
27,6,2023,3162,110.25
27,6,2023,3163,85
27,6,2023,3164,79.5
27,6,2023,3165,45
27,6,2023,3166,1422
27,6,2023,3167,136
27,6,2023,3168,44
27,6,2023,3169,535
27,6,2023,3170,220.5
27,6,2023,3171,71
27,6,2023,3172,390
27,6,2023,3173,238
27,6,2023,3174,710
27,6,2023,3175,248.5
27,6,2023,3176,177
27,6,2023,3177,138
27,6,2023,3178,61
27,6,2023,3179,168
27,6,2023,3180,177
27,6,2023,3181,474
27,6,2023,3182,118
27,6,2023,3183,109.725
27,6,2023,3184,111
27,6,2023,3185,95.625
27,6,2023,3186,33
27,6,2023,3187,23.005
27,6,2023,3188,177
27,6,2023,3189,484
27,6,2023,3190,32.25
27,6,2023,3191,44
27,6,2023,3192,124
27,6,2023,3193,61
27,6,2023,3194,88
27,6,2023,3195,37.5
27,6,2023,3196,22.36
27,6,2023,3197,219
27,6,2023,3198,59
27,6,2023,3199,19.75
27,6,2023,3200,497
27,6,2023,3201,452.025
27,6,2023,3202,77
27,6,2023,3203,42
27,6,2023,3204,219
27,6,2023,3205,112
27,6,2023,3206,99
27,6,2023,3207,186
27,6,2023,3208,61
27,6,2023,3209,390
27,6,2023,3210,53
27,6,2023,3211,122
27,6,2023,3212,29.5
27,6,2023,3213,68
27,6,2023,3214,59.25
27,6,2023,3215,21
27,6,2023,3216,44
27,6,2023,3217,59
27,6,2023,3218,390
27,6,2023,3219,137.5
27,6,2023,3220,99.68
27,6,2023,3221,59
27,6,2023,3222,44
27,6,2023,3223,269.85
27,6,2023,3224,77
27,6,2023,3225,44
27,6,2023,3226,77
27,6,2023,3227,29.5
27,6,2023,3228,66
27,6,2023,3229,35
27,6,2023,3230,1065
27,6,2023,3231,102.9
27,6,2023,3232,88
27,6,2023,3233,55.5
27,6,2023,3234,168
27,6,2023,3235,92.56
27,6,2023,3236,44.5
27,6,2023,3237,28
27,6,2023,3238,22
27,6,2023,3239,72
27,6,2023,3240,168
27,6,2023,3241,29.5
27,6,2023,3242,24.75
27,6,2023,3243,71
27,6,2023,3244,37.4607
27,6,2023,3245,176
27,6,2023,3246,135
27,6,2023,3247,70.5
27,6,2023,3248,148.5
27,6,2023,3249,132
27,6,2023,3250,122
27,6,2023,3251,165
27,6,2023,3252,44
27,6,2023,3253,392
27,6,2023,3254,299
27,6,2023,3255,236
27,6,2023,3256,209
27,6,2023,3257,166
27,6,2023,3258,68
27,6,2023,3259,56
27,6,2023,3260,55
27,6,2023,3261,397.5
27,6,2023,3262,154
27,6,2023,3263,504
27,6,2023,3264,106.05
27,6,2023,3265,610
27,6,2023,3266,390
27,6,2023,3267,321
27,6,2023,3268,207.9
27,6,2023,3269,112
27,6,2023,3270,84
27,6,2023,3271,145
27,6,2023,3272,64.2
27,6,2023,3273,79.5
27,6,2023,3274,71
27,6,2023,3275,37.45
27,6,2023,3276,111
27,6,2023,3277,96.3
27,6,2023,3278,64.5
27,6,2023,3279,33.5
27,6,2023,3280,71
27,6,2023,3281,504
27,6,2023,3282,557.6
27,6,2023,3283,545.38
27,6,2023,3284,412
27,6,2023,3285,186
27,6,2023,3286,492
27,6,2023,3287,504
27,6,2023,3288,477
27,6,2023,3289,55
27,6,2023,3290,52
27,6,2023,3291,588
27,6,2023,3292,876
27,6,2023,3293,39.5
27,6,2023,3294,71
27,6,2023,3295,136
27,6,2023,3296,32.25
27,6,2023,3297,140
27,6,2023,3298,1230
27,6,2023,3299,129.32
27,6,2023,3300,61
27,6,2023,3301,29.5
27,6,2023,3302,448
27,6,2023,3303,176
27,6,2023,3304,144.13
27,6,2023,3305,504
27,6,2023,3306,4650
27,6,2023,3307,209
27,6,2023,3308,142
27,6,2023,3309,88
27,6,2023,3310,62
27,6,2023,3311,138.69
27,6,2023,3312,45
27,6,2023,3313,59
27,6,2023,3314,30.5
27,6,2023,3315,179
27,6,2023,3316,51
27,6,2023,3317,55.5
27,6,2023,3318,268
27,6,2023,3319,225
27,6,2023,3320,33
27,6,2023,3321,17.875
27,6,2023,3322,71.155
27,6,2023,3323,33.5
27,6,2023,3324,11.47
27,6,2023,3325,21
27,6,2023,3326,142
27,6,2023,3327,134
27,6,2023,3328,123.75
27,6,2023,3329,244
27,6,2023,3330,408
27,6,2023,3331,402
27,6,2023,3332,402
27,6,2023,3333,284
27,6,2023,3334,186
27,6,2023,3335,166.85
27,6,2023,3336,123
27,6,2023,3337,69
27,6,2023,3338,804
27,6,2023,3339,67
27,6,2023,3340,53
27,6,2023,3341,33
27,6,2023,3342,17
27,6,2023,3343,1896
27,6,2023,3344,1059
27,6,2023,3345,2844
27,6,2023,3346,636
27,6,2023,3347,48
27,6,2023,3348,44
27,6,2023,3349,33
27,6,2023,3350,34
27,6,2023,3351,22
27,6,2023,3352,14
27,6,2023,3353,44
27,6,2023,3354,30.5
27,6,2023,3355,1615.04
27,6,2023,3356,1065
27,6,2023,3357,354
27,6,2023,3358,164.475
27,6,2023,3359,69
27,6,2023,3360,264
27,6,2023,3361,146.73
27,6,2023,3362,108.675
27,6,2023,3363,112
27,6,2023,3364,50.5
27,6,2023,3365,550.07
27,6,2023,3366,112.35
27,6,2023,3367,88
27,6,2023,3368,45.58
27,6,2023,3369,609
27,6,2023,3370,536
27,6,2023,3371,284
27,6,2023,3372,236
27,6,2023,3373,876
27,6,2023,3374,642
27,6,2023,3375,332
27,6,2023,3376,785
27,6,2023,3377,614
27,6,2023,3378,207.32
27,6,2023,3379,59
27,6,2023,3380,129
27,6,2023,3381,33
27,6,2023,3382,136
27,6,2023,3383,308
27,6,2023,3384,34
27,6,2023,3385,298
27,6,2023,3386,390
27,6,2023,3387,319.275
27,6,2023,3388,304.5
27,6,2023,3389,236
27,6,2023,3390,200.475
27,6,2023,3391,366
27,6,2023,3392,264
27,6,2023,3393,171.57
27,6,2023,3394,355
27,6,2023,3395,236
27,6,2023,3396,211.58
27,6,2023,3397,93.5
28,6,2023,3398,237
28,6,2023,3399,237
28,6,2023,3400,42
28,6,2023,3401,1105
28,6,2023,3402,45
28,6,2023,3403,44
28,6,2023,3404,22
28,6,2023,3405,132
28,6,2023,3406,159
28,6,2023,3407,112
28,6,2023,3408,66
28,6,2023,3409,29.5
28,6,2023,3410,26.75
28,6,2023,3411,177
28,6,2023,3412,79
28,6,2023,3413,63
28,6,2023,3414,2240
28,6,2023,3415,160.5
28,6,2023,3416,159
28,6,2023,3417,21.5
28,6,2023,3418,52
28,6,2023,3419,45
28,6,2023,3420,176
28,6,2023,3421,159
28,6,2023,3422,126
28,6,2023,3423,79.5
28,6,2023,3424,22
28,6,2023,3425,15.75
28,6,2023,3426,10.75
28,6,2023,3427,159
28,6,2023,3428,92
28,6,2023,3429,69
28,6,2023,3430,416.77
28,6,2023,3431,136
28,6,2023,3432,134
28,6,2023,3433,29.5
28,6,2023,3434,1064
28,6,2023,3435,402
28,6,2023,3436,1064
28,6,2023,3437,187.425
28,6,2023,3438,158
28,6,2023,3439,142
28,6,2023,3440,121
28,6,2023,3441,231
28,6,2023,3442,93
28,6,2023,3443,219
28,6,2023,3444,158
28,6,2023,3445,88
28,6,2023,3446,59
28,6,2023,3447,29.425
28,6,2023,3448,598
28,6,2023,3449,176
28,6,2023,3450,560
28,6,2023,3451,112
28,6,2023,3452,104
28,6,2023,3453,224
28,6,2023,3454,175.44
28,6,2023,3455,56
28,6,2023,3456,25.5
28,6,2023,3457,154
28,6,2023,3458,53
28,6,2023,3459,159
28,6,2023,3460,84
28,6,2023,3461,45
28,6,2023,3462,272
28,6,2023,3463,22
28,6,2023,3464,10.75
28,6,2023,3465,636
28,6,2023,3466,315
28,6,2023,3467,71.5
28,6,2023,3468,2138.67
28,6,2023,3469,284
28,6,2023,3470,213
28,6,2023,3471,318
28,6,2023,3472,220
28,6,2023,3473,39.5
28,6,2023,3474,205.19
28,6,2023,3475,29.5
28,6,2023,3476,588
28,6,2023,3477,55
28,6,2023,3478,118
28,6,2023,3479,105.465
28,6,2023,3480,64.5
28,6,2023,3481,35.5
28,6,2023,3482,50.5
28,6,2023,3483,284
28,6,2023,3484,170
28,6,2023,3485,125
28,6,2023,3486,23.865
28,6,2023,3487,264
28,6,2023,3488,165
28,6,2023,3489,61
28,6,2023,3490,441
28,6,2023,3491,62.595
28,6,2023,3492,17.11
28,6,2023,3493,902
28,6,2023,3494,93.075
28,6,2023,3495,79.5
28,6,2023,3496,820
28,6,2023,3497,930
28,6,2023,3498,535
28,6,2023,3499,143
28,6,2023,3500,69
28,6,2023,3501,178
28,6,2023,3502,122.515
28,6,2023,3503,119
28,6,2023,3504,79.5
28,6,2023,3505,672
28,6,2023,3506,22
28,6,2023,3507,1392
28,6,2023,3508,1290
28,6,2023,3509,536
28,6,2023,3510,121
28,6,2023,3511,42
28,6,2023,3512,497
28,6,2023,3513,435.75
28,6,2023,3514,158
28,6,2023,3515,1820
28,6,2023,3516,775
28,6,2023,3517,284
28,6,2023,3518,420.66
28,6,2023,3519,238
28,6,2023,3520,106
28,6,2023,3521,112
28,6,2023,3522,84
28,6,2023,3523,39.5
28,6,2023,3524,267.89
28,6,2023,3525,58
28,6,2023,3526,32.68
28,6,2023,3527,62
28,6,2023,3528,201
28,6,2023,3529,142
28,6,2023,3530,136
28,6,2023,3531,105
28,6,2023,3532,46.36
28,6,2023,3533,29.5
28,6,2023,3534,258
28,6,2023,3535,101.5
28,6,2023,3536,12.5
28,6,2023,3537,204
28,6,2023,3538,158
28,6,2023,3539,176
28,6,2023,3540,158
28,6,2023,3541,44
28,6,2023,3542,79.5
28,6,2023,3543,87
28,6,2023,3544,39.5
28,6,2023,3545,14
28,6,2023,3546,390
28,6,2023,3547,118
28,6,2023,3548,53
28,6,2023,3549,27.82
28,6,2023,3550,220
28,6,2023,3551,39.5
28,6,2023,3552,37
28,6,2023,3553,137.5
28,6,2023,3554,284
28,6,2023,3555,132
28,6,2023,3556,121.445
28,6,2023,3557,67
28,6,2023,3558,45
28,6,2023,3559,24.75
28,6,2023,3560,59
28,6,2023,3561,122
28,6,2023,3562,21.5
28,6,2023,3563,149.1
28,6,2023,3564,88
28,6,2023,3565,61.05
28,6,2023,3566,29.5
28,6,2023,3567,636
28,6,2023,3568,168
28,6,2023,3569,1869.6
28,6,2023,3570,1419.4
28,6,2023,3571,88
28,6,2023,3572,30.5
28,6,2023,3573,562.32
28,6,2023,3574,121
28,6,2023,3575,102
28,6,2023,3576,67
28,6,2023,3577,33
28,6,2023,3578,32.25
28,6,2023,3579,71
28,6,2023,3580,14.5
28,6,2023,3581,159
28,6,2023,3582,59
28,6,2023,3583,32.25
28,6,2023,3584,219
28,6,2023,3585,159
28,6,2023,3586,44.5
28,6,2023,3587,79.5
28,6,2023,3588,742.98
28,6,2023,3589,984
28,6,2023,3590,123
28,6,2023,3591,598
28,6,2023,3592,21
28,6,2023,3593,55
28,6,2023,3594,1152
28,6,2023,3595,268
28,6,2023,3596,118
28,6,2023,3597,30.5
28,6,2023,3598,670
28,6,2023,3599,111
28,6,2023,3600,88.5
28,6,2023,3601,417.41
28,6,2023,3602,107
28,6,2023,3603,318
28,6,2023,3604,220.42
28,6,2023,3605,775
28,6,2023,3606,375.375
28,6,2023,3607,88.5
28,6,2023,3608,30.5
28,6,2023,3609,61
28,6,2023,3610,55
28,6,2023,3611,53.5
28,6,2023,3612,336
28,6,2023,3613,402
28,6,2023,3614,44
28,6,2023,3615,24.75
28,6,2023,3616,107
28,6,2023,3617,59
28,6,2023,3618,22
28,6,2023,3619,44
28,6,2023,3620,356.73
28,6,2023,3621,168
28,6,2023,3622,309.72
28,6,2023,3623,84
28,6,2023,3624,78.625
28,6,2023,3625,420
28,6,2023,3626,407
28,6,2023,3627,57.5
28,6,2023,3628,107
28,6,2023,3629,99
28,6,2023,3630,62
28,6,2023,3631,59
28,6,2023,3632,55
28,6,2023,3633,134
28,6,2023,3634,43.86
28,6,2023,3635,42
28,6,2023,3636,22
28,6,2023,3637,55
28,6,2023,3638,44
28,6,2023,3639,371.11
28,6,2023,3640,43
28,6,2023,3641,22
28,6,2023,3642,232
28,6,2023,3643,105
28,6,2023,3644,1716
28,6,2023,3645,777.51
28,6,2023,3646,390
28,6,2023,3647,282
28,6,2023,3648,210
28,6,2023,3649,186
28,6,2023,3650,158
28,6,2023,3651,132
28,6,2023,3652,123.75
28,6,2023,3653,29.5
28,6,2023,3654,1105
28,6,2023,3655,785
28,6,2023,3656,158
28,6,2023,3657,168
28,6,2023,3658,775.425
28,6,2023,3659,234.5
28,6,2023,3660,90.335
28,6,2023,3661,45
28,6,2023,3662,27.75
28,6,2023,3663,474
28,6,2023,3664,336
28,6,2023,3665,87
28,6,2023,3666,142
28,6,2023,3667,134
28,6,2023,3668,129
28,6,2023,3669,55.5
28,6,2023,3670,39.5
28,6,2023,3671,44
28,6,2023,3672,53.5
28,6,2023,3673,29.5
28,6,2023,3674,112.56
28,6,2023,3675,44
28,6,2023,3676,29.5
28,6,2023,3677,109.8
28,6,2023,3678,12.04
28,6,2023,3679,11
28,6,2023,3680,474
28,6,2023,3681,245.22
28,6,2023,3682,168
28,6,2023,3683,118
28,6,2023,3684,50
28,6,2023,3685,107
28,6,2023,3686,122
28,6,2023,3687,103
28,6,2023,3688,134
28,6,2023,3689,88
28,6,2023,3690,71
28,6,2023,3691,219
28,6,2023,3692,107
28,6,2023,3693,88
28,6,2023,3694,61
28,6,2023,3695,210
28,6,2023,3696,70.5
28,6,2023,3697,29.5
28,6,2023,3698,219
28,6,2023,3699,87
28,6,2023,3700,51
28,6,2023,3701,85
28,6,2023,3702,44
28,6,2023,3703,534.465
28,6,2023,3704,112
28,6,2023,3705,74
28,6,2023,3706,390
28,6,2023,3707,420
28,6,2023,3708,112
28,6,2023,3709,44
28,6,2023,3710,167.5
28,6,2023,3711,68
28,6,2023,3712,47
28,6,2023,3713,73.968
28,6,2023,3714,29.5
28,6,2023,3715,26.75
28,6,2023,3716,264
28,6,2023,3717,24
28,6,2023,3718,272
28,6,2023,3719,112
28,6,2023,3720,165.55
28,6,2023,3721,118
28,6,2023,3722,258
28,6,2023,3723,141
28,6,2023,3724,85
28,6,2023,3725,53.5
28,6,2023,3726,31.39
28,6,2023,3727,141
28,6,2023,3728,66.75
28,6,2023,3729,30.5
28,6,2023,3730,536
28,6,2023,3731,431.55
28,6,2023,3732,44
28,6,2023,3733,62
28,6,2023,3734,59
29,6,2023,3735,328.125
29,6,2023,3736,118
29,6,2023,3737,44
29,6,2023,3738,258
29,6,2023,3739,352.5
29,6,2023,3740,150
29,6,2023,3741,88
29,6,2023,3742,33
29,6,2023,3743,474
29,6,2023,3744,1413.7
29,6,2023,3745,775
29,6,2023,3746,795
29,6,2023,3747,112
29,6,2023,3748,536
29,6,2023,3749,402
29,6,2023,3750,1064
29,6,2023,3751,188.68
29,6,2023,3752,59
29,6,2023,3753,56
29,6,2023,3754,19
29,6,2023,3755,107.625
29,6,2023,3756,86
29,6,2023,3757,132
29,6,2023,3758,70.5
29,6,2023,3759,63
29,6,2023,3760,109.2
29,6,2023,3761,105.75
29,6,2023,3762,308
29,6,2023,3763,282
29,6,2023,3764,176
29,6,2023,3765,59
29,6,2023,3766,220
29,6,2023,3767,217.35
29,6,2023,3768,56
29,6,2023,3769,66
29,6,2023,3770,238.5
29,6,2023,3771,69
29,6,2023,3772,21.5
29,6,2023,3773,29
29,6,2023,3774,268
29,6,2023,3775,268
29,6,2023,3776,56
29,6,2023,3777,22
29,6,2023,3778,70.5
29,6,2023,3779,14.5
29,6,2023,3780,31
29,6,2023,3781,29.5
29,6,2023,3782,176
29,6,2023,3783,37
29,6,2023,3784,29.5
29,6,2023,3785,112
29,6,2023,3786,24
29,6,2023,3787,159
29,6,2023,3788,46.44
29,6,2023,3789,42
29,6,2023,3790,87
29,6,2023,3791,93.45
29,6,2023,3792,84
29,6,2023,3793,24
29,6,2023,3794,88
29,6,2023,3795,44
29,6,2023,3796,66
29,6,2023,3797,220
29,6,2023,3798,275
29,6,2023,3799,238
29,6,2023,3800,510
29,6,2023,3801,58
29,6,2023,3802,132
29,6,2023,3803,69
29,6,2023,3804,425.775
29,6,2023,3805,264
29,6,2023,3806,118
29,6,2023,3807,636
29,6,2023,3808,426
29,6,2023,3809,238.5
29,6,2023,3810,247.5
29,6,2023,3811,325.5
29,6,2023,3812,28.89
29,6,2023,3813,34
29,6,2023,3814,44
29,6,2023,3815,158
29,6,2023,3816,72.5
29,6,2023,3817,201
29,6,2023,3818,106.5
29,6,2023,3819,70.5
29,6,2023,3820,105
29,6,2023,3821,102
29,6,2023,3822,37
29,6,2023,3823,71
29,6,2023,3824,29.5
29,6,2023,3825,208.82
29,6,2023,3826,178
29,6,2023,3827,66
29,6,2023,3828,670
29,6,2023,3829,846
29,6,2023,3830,63
29,6,2023,3831,340
29,6,2023,3832,22
29,6,2023,3833,219
29,6,2023,3834,106
29,6,2023,3835,137.5
29,6,2023,3836,174
29,6,2023,3837,88
29,6,2023,3838,77
29,6,2023,3839,140
29,6,2023,3840,1188
29,6,2023,3841,319.5
29,6,2023,3842,742
29,6,2023,3843,59.25
29,6,2023,3844,58
29,6,2023,3845,25.585
29,6,2023,3846,14
29,6,2023,3847,86
29,6,2023,3848,238.632
29,6,2023,3849,77.86
29,6,2023,3850,176
29,6,2023,3851,346.155
29,6,2023,3852,412.65
29,6,2023,3853,136
29,6,2023,3854,318
29,6,2023,3855,330
29,6,2023,3856,268
29,6,2023,3857,203
29,6,2023,3858,43
29,6,2023,3859,61.525
29,6,2023,3860,214
29,6,2023,3861,88
29,6,2023,3862,121
29,6,2023,3863,22.25
29,6,2023,3864,21.5
29,6,2023,3865,136.065
29,6,2023,3866,219
29,6,2023,3867,69
29,6,2023,3868,5427
29,6,2023,3869,4052.8
29,6,2023,3870,390
29,6,2023,3871,363
29,6,2023,3872,238.5
29,6,2023,3873,309
29,6,2023,3874,121
29,6,2023,3875,238.5
29,6,2023,3876,352
29,6,2023,3877,186
29,6,2023,3878,174.15
29,6,2023,3879,59
29,6,2023,3880,46.01
29,6,2023,3881,219
29,6,2023,3882,321
29,6,2023,3883,43
29,6,2023,3884,219
29,6,2023,3885,428
29,6,2023,3886,267
29,6,2023,3887,132
29,6,2023,3888,56
29,6,2023,3889,220
29,6,2023,3890,44
29,6,2023,3891,219
29,6,2023,3892,948
29,6,2023,3893,112
29,6,2023,3894,22
29,6,2023,3895,210
29,6,2023,3896,44.29
29,6,2023,3897,180.225
29,6,2023,3898,219
29,6,2023,3899,142
29,6,2023,3900,66
29,6,2023,3901,438
29,6,2023,3902,67
29,6,2023,3903,356
29,6,2023,3904,211.86
29,6,2023,3905,136
29,6,2023,3906,71
29,6,2023,3907,159
29,6,2023,3908,680
29,6,2023,3909,384.13
29,6,2023,3910,177
29,6,2023,3911,110.775
29,6,2023,3912,830.8
29,6,2023,3913,63.21
29,6,2023,3914,66
29,6,2023,3915,1739.1
29,6,2023,3916,825
29,6,2023,3917,390
29,6,2023,3918,210
29,6,2023,3919,537.115
29,6,2023,3920,852
29,6,2023,3921,1064
29,6,2023,3922,61
29,6,2023,3923,29.5
29,6,2023,3924,58
29,6,2023,3925,119.56
29,6,2023,3926,71
29,6,2023,3927,122
29,6,2023,3928,29.5
29,6,2023,3929,1064
29,6,2023,3930,44
29,6,2023,3931,29.5
29,6,2023,3932,35.25
29,6,2023,3933,79.5
29,6,2023,3934,36.915
29,6,2023,3935,390
29,6,2023,3936,219
29,6,2023,3937,44
29,6,2023,3938,166
29,6,2023,3939,43.5
29,6,2023,3940,220
29,6,2023,3941,56
29,6,2023,3942,68
29,6,2023,3943,28
29,6,2023,3944,55
29,6,2023,3945,132
29,6,2023,3946,64.2
29,6,2023,3947,44
29,6,2023,3948,24
29,6,2023,3949,37
29,6,2023,3950,516
29,6,2023,3951,118
29,6,2023,3952,32.68
29,6,2023,3953,108.07
29,6,2023,3954,82.5
29,6,2023,3955,1550
29,6,2023,3956,825
29,6,2023,3957,598
29,6,2023,3958,278.05
29,6,2023,3959,45.15
29,6,2023,3960,9.25
29,6,2023,3961,17
29,6,2023,3962,176.25
29,6,2023,3963,321
29,6,2023,3964,195.8
29,6,2023,3965,474
29,6,2023,3966,176
29,6,2023,3967,282
29,6,2023,3968,963
29,6,2023,3969,268.78
29,6,2023,3970,176
29,6,2023,3971,276.36
29,6,2023,3972,14
29,6,2023,3973,34
29,6,2023,3974,220
29,6,2023,3975,1422
29,6,2023,3976,133.5
29,6,2023,3977,206.85
29,6,2023,3978,39.5
29,6,2023,3979,220
29,6,2023,3980,121
29,6,2023,3981,2190
29,6,2023,3982,22
29,6,2023,3983,22
29,6,2023,3984,59
29,6,2023,3985,214
29,6,2023,3986,107
29,6,2023,3987,147.5
29,6,2023,3988,112
29,6,2023,3989,1842
29,6,2023,3990,2707.099
29,6,2023,3991,219
29,6,2023,3992,110
29,6,2023,3993,106
29,6,2023,3994,387
29,6,2023,3995,18.75
29,6,2023,3996,330
29,6,2023,3997,1428.44
29,6,2023,3998,70.5
29,6,2023,3999,33.5
29,6,2023,4000,238
29,6,2023,4001,121